one	1181
say	1045
make	1044
very	975
all	942
party	785
some	774
out	747
about	746
other	740
year	722
work	696
time	683
take	658
many	654
use	646
only	641
new	625
good	584
go	581
may	571
first	552
see	551
two	536
give	528
like	516
bank	509
way	488
now	483
paper	479
even	454
any	451
well	449
come	445
mr	440
little	439
people	426
need	416
find	404
arm	401
after	394
get	387
disc	384
high	383
know	383
think	365
government	364
right	363
plan	358
show	350
own	348
back	344
look	339
through	338
difference	329
long	329
world	324
become	324
both	323
audience	322
group	321
degree	317
last	316
man	315
part	315
down	314
before	314
late	310
cent	306
sort	295
seem	295
still	293
performance	291
write	290
labour	290
argument	289
just	287
system	287
day	285
life	283
old	281
art	279
place	278
great	278
form	277
far	276
change	274
state	273
another	270
end	270
image	266
point	261
same	261
off	261
house	261
market	257
must	252
large	250
case	247
though	246
set	245
british	244
shelter	243
public	242
leave	242
while	241
might	241
turn	240
different	239
want	239
three	238
problem	236
country	236
play	234
thing	233
under	232
call	232
service	229
police	226
political	223
tell	222
include	221
feel	221
company	220
dance	220
each	217
hand	216
policy	214
lead	214
provide	212
hold	211
follow	210
rather	210
school	210
issue	209
less	209
book	207
put	207
member	205
help	205
interest	204
next	204
start	203
move	203
order	202
often	202
example	201
number	199
support	197
society	196
face	196
atmosphere	195
view	193
general	193
early	192
national	191
yet	190
always	189
small	187
line	184
inter	184
experience	183
few	183
try	183
begin	182
child	182
keep	182
bring	182
mean	181
within	179
important	178
side	178
create	178
ask	178
never	178
pay	178
away	177
home	177
present	176
study	176
music	176
fact	175
power	175
local	175
area	175
yesterday	174
head	173
week	173
perhaps	172
run	171
meet	171
possible	170
believe	168
four	168
english	167
again	166
second	165
here	165
social	164
course	162
term	162
word	162
conference	162
produce	161
act	161
action	160
lose	160
catholic	159
woman	158
low	158
business	158
light	156
once	156
every	156
offer	155
control	155
read	155
conservative	155
city	155
character	154
record	154
rate	153
force	153
appear	152
research	151
deal	151
easy	151
london	151
style	151
television	151
sense	150
open	150
enough	150
month	150
idea	148
building	148
campaign	147
young	147
money	147
around	147
britain	147
particular	146
mind	146
base	146
american	146
stand	145
full	145
share	145
attempt	144
century	143
remain	143
movement	143
able	143
ballet	143
wrote	142
concern	141
question	141
kind	141
final	141
reader	140
result	140
level	140
quite	140
understand	140
body	140
close	140
bit	140
already	139
draw	139
stage	139
class	138
allow	138
increase	138
pub	138
design	138
subject	137
report	137
1	137
name	137
student	137
black	136
clear	136
page	135
major	134
front	133
church	133
whole	133
effect	132
free	132
press	132
five	131
consider	131
why	131
election	131
source	130
court	130
hard	130
war	129
require	128
nothing	128
matter	128
law	128
reason	128
live	128
information	128
international	128
economic	127
decide	127
sell	127
standard	126
suggest	126
almost	126
john	126
night	126
history	125
cost	125
industry	125
particularly	124
exist	124
bad	124
eye	123
development	123
minister	122
talk	121
approach	121
rise	121
film	121
dancer	120
big	120
round	119
today	119
rule	118
position	118
above	118
top	118
process	117
cover	117
grow	117
white	117
strong	116
pound	116
half	116
union	116
past	115
family	115
leader	115
expect	115
continue	115
price	115
involve	114
return	114
european	114
artist	113
along	113
type	113
real	113
cut	113
individual	112
fall	112
east	112
programme	111
either	110
authority	110
behind	110
main	109
together	109
car	109
step	109
review	109
sound	108
wide	107
university	107
reach	107
sit	107
picture	106
criticism	106
raise	106
claim	106
publish	106
accept	106
modern	106
add	106
vote	105
ever	105
train	105
period	104
west	104
hope	104
account	103
irish	102
french	102
probably	102
carry	102
special	102
happen	101
lie	101
road	101
de	101
lord	101
figure	101
office	101
value	100
difficult	100
short	100
especially	100
attention	99
material	99
self	99
council	99
range	98
despite	98
organization	98
several	97
necessary	97
health	97
letter	97
project	97
demand	97
agree	97
centre	96
structure	96
quality	96
sure	96
detail	96
traditional	95
person	95
committee	95
central	94
trade	94
ireland	93
north	93
future	93
moment	93
let	93
explain	93
serious	93
represent	93
indeed	93
receive	93
10	93
room	93
love	92
age	92
south	92
tree	92
across	91
remember	91
true	91
spend	91
story	91
water	91
available	90
influence	90
drive	90
theory	90
develop	90
management	90
scheme	90
foot	90
practice	89
thus	89
certain	89
simply	89
list	89
apply	89
principle	89
really	89
learn	89
role	89
england	89
fund	89
legal	89
foreign	89
argue	88
difficulty	88
third	88
hear	88
voice	88
wrong	88
technique	88
buy	88
pass	87
reduce	87
nature	87
usually	87
actual	87
manage	87
air	87
friend	87
section	87
attack	87
street	86
feature	86
limit	86
piece	86
job	86
german	86
bar	86
ground	85
break	85
mere	85
private	85
event	85
plant	85
critic	84
contain	84
politics	84
human	84
certainly	84
build	84
mark	84
stop	84
proposal	83
community	83
literature	83
academic	83
land	83
likely	83
sometimes	82
decision	82
secretary	82
field	81
former	81
doubt	81
prepare	80
2	80
activity	80
choose	80
financial	80
appeal	80
tax	80
judgment	80
commission	79
similar	79
perception	79
education	79
officer	79
hour	79
knowledge	79
computer	79
fail	79
match	79
department	79
slight	79
common	78
official	78
recent	78
near	78
sir	78
express	77
therefore	77
establish	77
poetry	77
sign	77
chairman	77
3	77
minute	77
single	76
speak	76
charge	76
perform	76
original	76
test	75
clearly	75
teach	75
lack	75
team	75
win	75
article	75
medium	75
staff	75
door	75
choreographer	75
note	74
non	74
reference	74
print	74
wind	74
colour	73
wish	73
cause	73
green	73
machine	73
ashton	73
uk	73
anti	72
table	72
exercise	72
production	72
news	72
theatre	72
aim	71
wood	71
condition	71
dog	71
actor	71
join	71
space	71
aspect	70
protestant	70
popular	70
food	70
instead	70
20	70
product	70
ago	70
current	70
wall	70
left	70
river	70
outside	69
replace	69
director	69
cultural	69
lot	69
post	69
literary	69
leg	69
announce	69
theme	69
us	68
unit	68
enter	68
watch	68
sport	68
fine	67
natural	67
co	67
seek	67
prime	67
girl	67
board	67
religious	66
gain	66
means	66
independent	66
object	66
notice	66
someone	66
amount	66
six	66
soon	65
direction	65
speech	65
according	65
normal	65
relation	65
david	65
surface	65
agreement	65
sale	65
debate	64
defence	64
personal	64
chance	64
fit	64
potential	64
element	64
send	64
executive	64
scene	64
europe	64
serve	64
walk	64
evidence	63
basis	63
beyond	63
sudden	63
surprise	63
complete	63
rest	63
purpose	63
quickly	63
mother	63
shape	63
benefit	62
favour	62
direct	62
task	62
version	62
player	62
text	62
loss	62
president	62
compare	62
series	62
classical	62
choice	61
author	61
prefer	61
further	61
mental	61
profit	61
chief	61
mrs	61
million	61
slowly	61
town	61
response	60
variety	60
stock	60
touch	60
pull	60
deep	60
unite	60
reveal	60
4	60
15	60
opposition	59
roman	59
pressure	59
culture	59
bear	59
twenty	59
5	59
w	59
care	59
brain	59
operation	59
security	59
apart	59
peter	59
size	59
nearly	59
intellectual	58
aware	58
northern	58
fear	58
access	58
professional	58
death	58
cross	58
industrial	58
horse	58
commercial	58
copy	58
slip	58
simple	57
obtain	57
box	57
situation	57
middle	57
drink	57
speed	57
hundred	57
nuclear	57
respect	57
game	57
various	57
worker	57
freedom	56
measure	56
concept	56
basic	56
significant	56
risk	56
block	56
ten	56
reality	56
language	56
data	56
route	56
convince	56
poor	56
date	56
visit	56
mood	56
firm	56
civil	55
forward	55
maintain	55
physical	55
affect	55
majority	55
catch	55
village	55
gesture	55
institution	55
income	55
effective	55
description	54
fight	54
boy	54
morning	54
ability	54
remove	54
association	54
wear	54
critical	54
identify	54
heavy	54
opportunity	54
achieve	54
leadership	54
height	54
strike	54
organizations	54
avoid	53
throw	53
relationship	53
vary	53
alternative	53
tend	53
wait	53
club	53
investment	53
scale	53
balance	53
payment	53
eight	53
justice	53
method	53
aid	53
dry	53
total	53
glass	53
floor	53
launch	53
mass	53
interpretation	52
survey	52
refuse	52
separate	52
entire	52
model	52
technical	52
sector	52
waste	52
save	52
display	52
energy	52
judge	52
score	52
population	52
newspaper	52
nationalist	52
advice	52
soviet	52
historical	51
bias	51
link	51
alliance	51
adopt	51
introduce	51
impact	51
senior	51
feeling	51
success	51
pattern	51
attract	51
red	51
prove	51
western	51
flat	51
damage	50
define	50
crime	50
cabinet	50
considerable	50
voter	50
father	50
statement	50
james	50
enjoy	50
function	50
straight	50
property	50
ensure	50
due	50
cold	50
punch	50
composer	50
nation	49
christian	49
protect	49
advance	49
relate	49
fire	49
environment	49
immediately	49
memory	49
prevent	49
careful	49
attitude	49
chancellor	49
release	49
obvious	49
equally	48
regard	48
appropriate	48
occasion	48
tradition	48
factor	48
daily	48
directly	48
successful	48
realise	48
spread	48
editor	48
career	48
suit	48
declare	48
exchange	48
competition	48
opinion	48
drop	48
royal	48
radio	48
paint	47
mention	47
germany	47
overall	47
indicate	47
discussion	47
correct	47
throughout	47
respond	47
application	47
powerful	47
grand	47
military	47
training	47
france	47
heart	47
listen	47
advantage	47
blue	47
scottish	47
animal	47
college	47
magazine	47
context	46
discuss	46
publication	46
answer	46
opponent	46
fly	46
familiar	46
recall	46
happy	46
spirit	46
star	46
inside	46
instance	46
michael	46
push	46
100	46
organisation	46
occur	46
arrive	46
bell	46
stay	46
shoulder	46
leonard	46
fish	46
league	46
china	45
lift	45
genuine	45
inevitable	45
la	45
parent	45
formal	45
double	45
hill	45
owner	45
dumb	45
contrast	45
finance	45
danger	44
violence	44
frequently	44
affair	44
contemporary	44
failure	44
treat	44
25	44
relative	44
survive	44
america	44
document	44
poet	44
contract	44
loan	44
title	44
york	44
practical	44
inch	44
weekend	44
brown	44
poll	44
works	44
recognise	44
supply	44
tool	44
bill	43
importance	43
chapter	43
behaviour	43
insist	43
worth	43
below	43
path	43
describe	43
oil	43
rock	43
army	43
beat	43
castle	43
7	43
12	43
park	43
50	43
credit	43
format	43
master	42
supporter	42
conduct	42
worry	42
couple	42
square	42
fix	42
interview	42
capital	42
equipment	42
communist	42
row	42
finish	42
bench	42
narrow	42
fill	42
son	42
safety	42
drama	42
retain	42
consequence	41
colleague	41
oppose	41
stress	41
die	41
brewer	41
useful	41
conventional	41
fair	41
suffer	41
sunday	41
promise	41
suppose	41
sun	41
summer	41
garden	41
address	41
cas	41
catalogue	41
solicitor	41
cash	41
label	41
trouble	40
struggle	40
depend	40
beer	40
phrase	40
historic	40
technology	40
interesting	40
division	40
key	40
clean	40
soft	40
seat	40
race	40
dead	40
seven	40
partly	40
safe	40
rain	40
stone	40
shop	40
window	40
investor	40
6	40
candidate	40
exactly	39
conclusion	39
circumstance	39
lawyer	39
vision	39
improve	39
contact	39
drug	39
except	39
comment	39
cast	39
suitable	39
escape	39
extreme	39
edge	39
unity	39
exhibition	39
station	39
grant	39
eventually	39
lucy	39
shift	38
handle	38
southern	38
responsibility	38
bishop	38
band	38
v	38
mode	38
treatment	38
miss	38
alone	38
spring	38
remark	38
fully	38
accompany	38
discipline	38
winter	38
economy	38
tory	38
decade	38
correspondent	38
reform	38
propose	38
presence	38
extra	38
administration	38
goldberg	38
wave	38
rhythm	38
customer	38
cylinder	38
implication	37
sleep	37
deny	37
challenge	37
analysis	37
extent	37
nevertheless	37
god	37
interested	37
reject	37
extend	37
ideal	37
thatcher	37
mortgage	37
track	37
warn	37
october	37
perfect	37
sea	37
30	37
ready	37
murder	37
recently	37
tape	37
k	37
evening	37
crowd	37
march	37
scotland	37
estimate	37
eat	37
region	37
admit	36
whatever	36
previous	36
opposite	36
active	36
joint	36
wife	36
poem	36
reflect	36
content	36
obviously	36
deliver	36
manner	36
hide	36
responsible	36
eliot	36
card	36
hardly	36
device	36
jump	36
roll	36
switch	36
politician	36
representative	36
bird	36
heat	36
angle	36
screen	36
hedge	36
duty	35
remarkable	35
approval	35
belief	35
divide	35
discover	35
ignore	35
rare	35
emphasis	35
essential	35
site	35
russian	35
belong	35
internal	35
mid	35
professor	35
creation	35
proper	35
persuade	35
surround	35
assume	35
jay	35
plot	35
earth	35
farm	35
shareholder	35
demonstrate	34
philosophy	34
pro	34
science	34
refer	34
b	34
emerge	34
forget	34
companies	34
introduction	34
le	34
dominate	34
transport	34
guide	34
hall	34
hotel	34
soldier	34
fur	34
cup	34
channel	34
imagine	34
40	34
county	34
timber	34
judgement	33
apparently	33
specific	33
fundamental	33
inspire	33
divorce	33
interpret	33
moral	33
apparent	33
intended	33
circle	33
additional	33
afternoon	33
lady	33
observe	33
employ	33
attend	33
rely	33
chain	33
environmental	33
corner	33
radical	33
novel	33
collection	33
famous	33
expression	33
relief	33
huge	33
slow	33
democratic	33
destroy	33
victory	33
collect	33
membership	33
wheel	33
expert	33
battle	33
august	33
pick	33
swing	33
arrange	33
variation	33
mile	33
threat	33
railway	33
8	33
fresh	33
cinema	33
mainly	33
resolution	33
visual	32
broad	32
counter	32
session	32
objective	32
plus	32
preserve	32
ill	32
liberal	32
fast	32
abandon	32
male	32
crucial	32
parliament	32
unable	32
18	32
coverage	32
re	32
henry	32
spokesman	32
preference	32
delight	32
circuit	32
pack	32
enable	32
appearance	32
soil	32
festival	32
skills	32
rural	31
robert	31
status	31
command	31
kill	31
district	31
capable	31
determine	31
none	31
search	31
equal	31
latter	31
telephone	31
truth	31
necessarily	31
sum	31
dispute	31
maker	31
effort	31
tie	31
prisoner	31
birmingham	31
september	31
award	31
fellow	31
smith	31
emotion	31
april	31
transaction	31
maximum	31
average	31
manufacturer	31
p	31
afford	31
chest	31
opened	31
debt	30
strength	30
addition	30
previously	30
june	30
existence	30
constituency	30
contribute	30
strongly	30
musical	30
weather	30
yes	30
repeat	30
external	30
target	30
distinguish	30
terms	30
commitment	30
elsewhere	30
cry	30
tiny	30
reverse	30
polish	30
journalist	30
bridge	30
definition	30
entry	30
season	30
length	30
consist	30
constant	30
impose	30
convention	30
desire	30
shadow	30
warm	30
branch	30
bend	30
minor	30
peasant	30
visible	30
decline	30
specialist	30
nine	30
store	30
unionist	30
intention	29
procedure	29
historian	29
ideology	29
mp	29
pose	29
mix	29
camp	29
reinforce	29
reading	29
immediate	29
complex	29
proportion	29
completely	29
consciousness	29
talent	29
impossible	29
perspective	29
sufficient	29
agency	29
regular	29
welcome	29
increasingly	29
passage	29
bomb	29
saving	29
domestic	29
africa	29
friday	29
trust	29
otherwise	29
injury	29
trial	29
delegate	29
instrument	29
inflation	29
border	29
preparation	29
italy	29
dramatic	29
convey	29
detective	29
glider	29
ice	29
sight	29
coat	29
stick	29
japanese	29
mostly	29
signal	29
paul	29
possibility	28
category	28
weight	28
queen	28
unlike	28
inform	28
thick	28
generation	28
reply	28
rank	28
initial	28
output	28
prize	28
16	28
operate	28
photograph	28
distinction	28
weapon	28
satisfy	28
valuable	28
confidence	28
democracy	28
message	28
hit	28
27	28
duke	28
ball	28
succeed	28
july	28
engine	28
congress	28
accurate	28
bind	28
doctor	28
strategy	28
wonder	28
king	28
expensive	28
enormous	28
beauty	28
opera	28
nineteen	28
stamp	28
r	28
concerto	28
progress	28
clock	28
thousand	28
pixel	28
threaten	27
scientist	27
representation	27
demonstration	27
moreover	27
input	27
sequence	27
examine	27
protection	27
advise	27
ahead	27
distance	27
engage	27
mirror	27
defeat	27
positive	27
presentation	27
unique	27
unusual	27
priority	27
finger	27
bush	27
interior	27
silver	27
transfer	27
tv	27
hang	27
invite	27
mary	27
wet	27
uniform	27
tale	27
loyalist	27
tendency	27
oh	27
forwards	27
map	27
capture	27
brewery	27
tho	27
grey	27
please	27
berlin	27
arrangement	27
snow	27
recording	27
tunnel	27
gallery	26
conflict	26
recognize	26
orange	26
dimension	26
faith	26
favourite	26
truly	26
lay	26
user	26
crisis	26
stretch	26
keen	26
sentence	26
identity	26
notable	26
bottom	26
acknowledge	26
arise	26
mystery	26
lean	26
significance	26
option	26
secure	26
upwards	26
primary	26
fee	26
quote	26
dark	26
commit	26
engineer	26
instruction	26
saturday	26
paris	26
flow	26
brother	26
january	26
prison	26
profession	26
pilot	26
concentrate	26
tear	26
secret	26
upper	26
urban	26
orchestra	26
500	26
rival	26
poland	26
enemy	26
african	26
associate	26
morgan	26
writer	25
illustrate	25
ulster	25
deficit	25
maybe	25
neither	25
currency	25
s	25
coach	25
network	25
frame	25
generally	25
graduate	25
fashion	25
annual	25
aside	25
focus	25
george	25
guarantee	25
odd	25
goal	25
net	25
properly	25
charity	25
citizen	25
daughter	25
socialist	25
count	25
travel	25
connection	25
prospect	25
advertise	25
construction	25
scholar	25
employment	25
portray	25
sing	25
meanwhile	25
kick	25
steel	25
beautiful	25
excellent	25
rough	25
f	25
port	25
bore	25
spot	25
regulation	25
sky	25
setting	25
amnesty	25
insurance	25
video	24
painter	24
fifteen	24
drill	24
submit	24
legislation	24
14	24
scientific	24
silence	24
kitchen	24
extensive	24
generate	24
meaning	24
arrest	24
ad	24
parallel	24
blood	24
60	24
reaction	24
essay	24
thrust	24
sharp	24
adult	24
sheet	24
peace	24
somewhere	24
restrict	24
driver	24
yard	24
shock	24
viewer	24
patrick	24
rail	24
pace	24
hospital	24
victim	24
ear	24
devote	24
guard	24
attach	24
import	24
reasonable	24
assert	24
texture	24
lecture	24
coffee	24
bed	24
brief	24
requirement	24
marry	24
clothes	24
metal	24
stravinsky	24
romantic	24
absolute	24
youth	24
tour	24
raid	24
medical	24
temperature	24
island	24
leaf	24
bright	24
manchester	24
exclusive	23
criminal	23
9	23
mount	23
marriage	23
minority	23
suspect	23
participant	23
sustain	23
growth	23
mouth	23
justify	23
component	23
depth	23
remind	23
ale	23
accuse	23
alongside	23
defend	23
check	23
impressive	23
c	23
collapse	23
oxford	23
occupy	23
lend	23
gap	23
vital	23
wing	23
28	23
recognition	23
calm	23
24	23
policeman	23
resource	23
gate	23
rich	23
dismiss	23
servant	23
occasionally	23
budget	23
monopoly	23
smile	23
tough	23
hot	23
ride	23
creative	23
differ	23
lake	23
gift	23
fibre	23
noise	23
acquire	23
classes	23
delay	23
encourage	23
independence	23
marx	23
loose	23
ring	23
eastern	23
fig	23
consideration	22
investigation	22
unfortunately	22
inspiration	22
somewhat	22
wine	22
dozen	22
settle	22
teacher	22
conception	22
stuff	22
diesel	22
mountain	22
pain	22
experiment	22
aesthetic	22
borrow	22
fan	22
wilson	22
rush	22
portrait	22
sweep	22
solution	22
nice	22
quiet	22
circular	22
deputy	22
personality	22
thirty	22
purchase	22
item	22
asset	22
spanish	22
vehicle	22
wealth	22
severe	22
liverpool	22
initially	22
sculpture	22
gun	22
assessment	22
trend	22
awareness	22
pearl	22
wake	22
referee	22
withdraw	22
anyway	22
usual	22
factory	22
emphasise	22
o	22
captain	22
70	22
diameter	22
register	22
library	22
location	22
organise	22
90	22
fuel	22
estate	22
counterpart	22
margin	22
climb	22
qualification	22
magnetic	22
roth	22
solve	21
evident	21
religion	21
archbishop	21
solo	21
welfare	21
resolve	21
bs	21
cognitive	21
knock	21
progressive	21
somehow	21
ideological	21
error	21
oblige	21
imply	21
emotional	21
intelligence	21
partner	21
earlier	21
gold	21
inner	21
tone	21
mechanism	21
dangerous	21
vast	21
simon	21
livingstone	21
entitle	21
ban	21
bus	21
andrew	21
neighbour	21
washington	21
patrol	21
attractive	21
producer	21
flight	21
voluntary	21
australia	21
baker	21
x	21
dress	21
detailed	21
stewart	21
husband	21
inn	21
pa	21
dream	21
bow	21
subtle	21
romeo	21
saint	21
equity	21
embassy	21
m	21
200	21
core	21
republic	21
manager	21
facility	21
collector	21
cloud	21
machinery	21
motor	21
thank	21
unknown	21
groove	21
employee	21
frequency	21
rapid	21
conductor	21
marxist	20
exclude	20
relevant	20
appro	20
clergy	20
suggestion	20
combination	20
museum	20
contrary	20
permanent	20
merchant	20
lodge	20
seize	20
absence	20
eighteen	20
reflection	20
derive	20
nobody	20
thorough	20
massive	20
myth	20
discovery	20
substance	20
relatively	20
convert	20
load	20
hence	20
grain	20
plain	20
encounter	20
establishment	20
academics	20
scholarship	20
widely	20
gradually	20
ordinary	20
november	20
imagination	20
classic	20
socialism	20
rear	20
championship	20
don	20
conservation	20
climate	20
agenda	20
hair	20
football	20
cheap	20
background	20
capacity	20
architect	20
revolution	20
occasional	20
layer	20
excitement	20
westminster	20
achievement	20
ancient	20
17	20
selection	20
perceive	20
fist	20
chair	20
dy	20
charm	20
settlement	20
feed	20
alarm	20
unlikely	20
strengthen	20
tip	20
lock	20
italian	20
celebrate	20
digital	20
totally	20
communication	20
states	20
sister	20
monitor	20
22	20
song	20
d	20
lucky	20
pen	20
y	20
forest	20
native	20
australian	20
package	20
quarter	20
defendant	20
privilege	20
composition	19
sympathetic	19
paisley	19
principal	19
climax	19
accident	19
concentration	19
subjective	19
removal	19
fence	19
expose	19
script	19
acid	19
heavily	19
nose	19
confirm	19
jean	19
nervous	19
conviction	19
roof	19
comfort	19
confusion	19
victorian	19
hint	19
regularly	19
monetary	19
strange	19
bond	19
treasury	19
chemical	19
refugee	19
martin	19
tragedy	19
electorate	19
thatch	19
dutch	19
van	19
impression	19
disappear	19
policing	19
naturally	19
sand	19
supposed	19
shakespeare	19
activist	19
skin	19
beneath	19
dear	19
desk	19
grip	19
pause	19
root	19
hero	19
panel	19
bid	19
troop	19
provision	19
squad	19
relax	19
designer	19
symphony	19
adequate	19
sheffield	19
similarly	19
brush	19
descent	19
client	19
walker	19
habit	19
morton	19
typically	19
telegraph	19
artistic	18
abstract	18
topic	18
comparison	18
equivalent	18
ex	18
promote	18
undertake	18
cell	18
crash	18
extension	18
fringe	18
stream	18
witness	18
constitute	18
philosophical	18
currently	18
proceed	18
horizontal	18
hole	18
dostoevsky	18
wild	18
medieval	18
accounts	18
intend	18
primarily	18
ie	18
academy	18
ritual	18
champion	18
blame	18
excessive	18
loyalty	18
sexual	18
pitch	18
sharply	18
restore	18
advocate	18
rejection	18
stephen	18
highlight	18
consumer	18
empty	18
coup	18
regional	18
sole	18
holiday	18
praise	18
predict	18
overwhelm	18
nationalism	18
monday	18
formula	18
notion	18
resistance	18
frank	18
foundation	18
latin	18
bull	18
arrival	18
eager	18
tooth	18
bra	18
performer	18
brilliant	18
characteristic	18
closer	18
software	18
stake	18
electric	18
mao	18
pope	18
29	18
seminar	18
studio	18
higher	18
thin	18
cater	18
govern	18
prior	18
plastic	18
forum	18
assess	18
anxious	18
detect	18
flower	18
wales	18
shed	18
consultation	18
pup	18
neglect	17
rome	17
hierarchy	17
coalition	17
merit	17
finding	17
observation	17
behave	17
involvement	17
conversation	17
smoke	17
false	17
essentially	17
resist	17
sensation	17
thought	17
pure	17
assumption	17
complain	17
explanation	17
passenger	17
shade	17
solid	17
controversy	17
reward	17
magic	17
vague	17
gentle	17
surplus	17
tea	17
female	17
japan	17
ownership	17
muscle	17
enterprise	17
electoral	17
traffic	17
elect	17
guardian	17
entertainment	17
disturb	17
occupational	17
phase	17
priest	17
alter	17
extraordinary	17
update	17
pleasure	17
patient	17
fun	17
twelve	17
float	17
visitor	17
11	17
sensitive	17
knee	17
e	17
grass	17
bag	17
blow	17
pow	17
illusion	17
origin	17
prince	17
embrace	17
smooth	17
baby	17
incorporate	17
broadcast	17
sympathy	17
spite	17
sub	17
hostile	17
index	17
rover	17
decisive	17
concert	17
housing	17
pretty	17
crop	17
landscape	17
developer	17
midland	17
chip	17
deposit	17
optical	17
draft	17
jockey	17
plate	16
covenant	16
organize	16
statistics	16
founded	16
educational	16
dual	16
merge	16
outlook	16
cake	16
volume	16
sensible	16
explore	16
trip	16
spiritual	16
yellow	16
urge	16
nowhere	16
predictable	16
tennis	16
dust	16
tournament	16
slide	16
peak	16
conceive	16
printer	16
edward	16
desirable	16
golden	16
disarmament	16
invent	16
hunt	16
won	16
appreciate	16
behalf	16
winner	16
taste	16
extract	16
abroad	16
colony	16
negotiation	16
80	16
punishment	16
routine	16
offence	16
informal	16
quick	16
greek	16
liberty	16
shake	16
tutor	16
gentleman	16
meeting	16
expectation	16
shout	16
aircraft	16
waist	16
twist	16
elbow	16
boom	16
code	16
shoe	16
t	16
cap	16
fairy	16
rose	16
leitmotif	16
possibly	16
joke	16
genius	16
adviser	16
appoint	16
strand	16
gorbachev	16
corporation	16
twin	16
pair	16
weak	16
barn	16
connect	16
merger	16
explicit	16
democrat	16
electricity	16
similarity	16
russia	16
sergeant	16
35	16
propaganda	16
expense	16
camera	16
amateur	16
stimulus	16
compress	16
wipe	16
universe	16
rudder	16
assurance	16
philip	16
graphics	16
coast	16
j	16
coil	16
levi	16
font	16
lesson	15
contest	15
structural	15
publicity	15
extremely	15
belfast	15
efficiency	15
pupil	15
cook	15
burn	15
mistake	15
wise	15
scope	15
pursue	15
curve	15
philosopher	15
confuse	15
outline	15
thereby	15
sophisticate	15
global	15
acquisition	15
possession	15
32	15
schedule	15
fleet	15
sad	15
rhetoric	15
signify	15
comprise	15
verse	15
clarity	15
realize	15
confident	15
protest	15
memorable	15
choreography	15
corporate	15
profile	15
indian	15
compromise	15
closely	15
23	15
lobby	15
pollution	15
intense	15
speaker	15
moon	15
drum	15
weakness	15
rehearsal	15
bitter	15
abuse	15
successor	15
autumn	15
ministry	15
tragic	15
prevail	15
compensation	15
mill	15
empire	15
breath	15
nurse	15
tourist	15
steep	15
laugh	15
kiss	15
warmth	15
spin	15
comedy	15
drift	15
glasgow	15
heel	15
busy	15
blade	15
trap	15
shot	15
palm	15
rattle	15
reliable	15
forty	15
integrity	15
imperial	15
unnecessary	15
expand	15
birthday	15
takeover	15
december	15
theatrical	15
assistant	15
planning	15
dealer	15
rebel	15
neat	15
liberation	15
invest	15
subsequently	15
yorkshire	15
tin	15
renaissance	15
georgian	15
restaurant	15
societies	15
supplement	15
hat	15
lane	15
gear	15
holland	15
indication	15
tile	15
piano	15
mutual	15
headquarter	15
palace	15
usefulness	15
symbol	15
examination	15
alexander	15
employer	15
foster	15
stall	15
devise	15
platform	15
parliamentary	15
rent	15
select	15
dirty	15
funeral	15
monograph	15
universal	15
motion	15
plane	15
sheep	15
program	15
puppy	15
edison	15
republican	15
paddock	15
painting	14
theorist	14
construct	14
calculate	14
folk	14
denominational	14
chorus	14
fifty	14
institutional	14
conscious	14
paragraph	14
translate	14
afterwards	14
exception	14
ultimate	14
bolt	14
anthony	14
discourse	14
combine	14
crew	14
trick	14
limitation	14
l	14
provoke	14
fiction	14
humanity	14
intelligent	14
split	14
wholly	14
survival	14
efficient	14
anne	14
manufacture	14
vice	14
dominant	14
smack	14
bulk	14
ken	14
funny	14
qualify	14
blind	14
declaration	14
cease	14
chinese	14
accuracy	14
permit	14
partnership	14
determination	14
ingredient	14
bedroom	14
wednesday	14
typical	14
plenty	14
mission	14
proceeding	14
wisdom	14
potentially	14
unemployment	14
bronze	14
inspector	14
inquiry	14
tomorrow	14
curl	14
glance	14
cottage	14
ship	14
incident	14
width	14
movements	14
compete	14
arabesque	14
celebration	14
exit	14
swan	14
farmer	14
hungarian	14
communicate	14
exploit	14
mime	14
filter	14
originally	14
em	14
revolutionary	14
stem	14
ally	14
dollar	14
khmer	14
rouge	14
pot	14
install	14
26	14
forecast	14
giant	14
distinct	14
continuing	14
numerous	14
altogether	14
clients	14
coal	14
permission	14
resident	14
useless	14
brighton	14
workshop	14
certificate	14
agricultural	14
subsequent	14
delicate	14
proof	14
mail	14
lee	14
processor	14
audio	14
architecture	14
stations	14
render	14
minimum	14
edinburgh	14
compact	14
sixty	14
cheque	14
boot	14
rating	14
promotion	14
rally	14
floppy	14
pc	14
scan	14
presbyterian	14
deliberately	13
theoretical	13
morality	13
abortion	13
column	13
constitutional	13
dublin	13
inherently	13
personnel	13
secondary	13
till	13
gather	13
implement	13
underground	13
accommodate	13
beliefs	13
modest	13
bold	13
identical	13
sketch	13
framework	13
bite	13
provincial	13
heritage	13
observer	13
genuinely	13
raskolnikov	13
metre	13
derrida	13
purely	13
ford	13
narrative	13
fault	13
owe	13
electrical	13
absolutely	13
kingdom	13
fifth	13
eighty	13
aggressive	13
comfortable	13
tackle	13
33	13
improvement	13
robin	13
practically	13
creature	13
hammer	13
thursday	13
conversion	13
ultra	13
expenditure	13
banks	13
moscow	13
mixture	13
wash	13
parish	13
superior	13
distribute	13
practise	13
tall	13
constable	13
hell	13
curtain	13
pour	13
despair	13
sweet	13
neck	13
successfully	13
semi	13
pump	13
tired	13
upright	13
iron	13
silent	13
slope	13
bottle	13
boat	13
arch	13
rope	13
sander	13
arouse	13
petrol	13
distribution	13
300	13
endorse	13
reputation	13
13	13
tuesday	13
broker	13
react	13
profitable	13
contractor	13
bass	13
retail	13
friendly	13
tension	13
license	13
interval	13
brew	13
quantity	13
builder	13
ticket	13
privatisation	13
media	13
bat	13
wage	13
hut	13
humour	13
outsider	13
ultimately	13
unaware	13
hire	13
statutory	13
breed	13
chapel	13
banker	13
helen	13
halifax	13
ruin	13
canal	13
pet	13
ink	13
sample	13
ec	13
boundary	13
negative	13
greens	13
cm	13
viewpoint	12
unexpected	12
innocent	12
underline	12
deserve	12
greeley	12
christie	12
anthropology	12
intensive	12
specifically	12
founder	12
pad	12
frequent	12
journey	12
bout	12
darkness	12
sharpen	12
flame	12
trail	12
infant	12
furthermore	12
hip	12
seed	12
cope	12
sheer	12
wit	12
reproduce	12
modernist	12
noticeable	12
cave	12
accessible	12
lewis	12
underlie	12
johnson	12
canon	12
formation	12
trace	12
deliberate	12
sculptor	12
jew	12
justification	12
loud	12
sunshine	12
lover	12
attribute	12
necessity	12
virtually	12
generosity	12
assist	12
nec	12
excess	12
breach	12
sue	12
disable	12
moving	12
joy	12
traveller	12
mistaken	12
proud	12
peking	12
barrier	12
allege	12
infect	12
consistent	12
condemn	12
earning	12
al	12
spare	12
valley	12
enthusiastic	12
administrative	12
discard	12
remote	12
tom	12
pole	12
abrasive	12
dinner	12
passionate	12
february	12
ira	12
normally	12
brake	12
frozen	12
ho	12
awful	12
pipe	12
smell	12
tower	12
sorry	12
cool	12
beach	12
plaster	12
drawing	12
hel	12
lower	12
acceptable	12
strip	12
sur	12
fille	12
wonderful	12
deed	12
woodland	12
entrance	12
sleeve	12
characteristics	12
disclose	12
commend	12
compound	12
morale	12
fraud	12
cop	12
microphone	12
analyst	12
sweden	12
thames	12
newly	12
leisure	12
glow	12
ga	12
overture	12
deaths	12
widow	12
curious	12
mad	12
binary	12
zealand	12
commonwealth	12
freeze	12
substantial	12
investigate	12
150	12
shell	12
exhibit	12
assemble	12
tempt	12
spectrum	12
horror	12
satellite	12
stranger	12
signature	12
intensity	12
birth	12
enthusiasm	12
thirteen	12
auction	12
revenue	12
taylor	12
75	12
pile	12
reserve	12
wildlife	12
brent	12
billion	12
consortium	12
pan	12
31	12
economics	12
motive	12
barely	12
warning	12
g	12
cattle	12
exceed	12
storage	12
civilian	12
living	12
ridge	12
hostel	12
pos	11
scholarly	11
orient	11
submission	11
indirect	11
consult	11
faithful	11
integrate	11
significantly	11
favourable	11
assistance	11
inadequate	11
directive	11
statistical	11
angus	11
stomach	11
hardship	11
essence	11
primitive	11
seventeen	11
psychology	11
functional	11
events	11
explicitly	11
shortly	11
earn	11
firmly	11
flexibility	11
faster	11
councillor	11
minimal	11
invisible	11
helpful	11
hawkes	11
atlantic	11
accent	11
agreed	11
enlarge	11
pride	11
fascist	11
evoke	11
depart	11
consent	11
constraint	11
intervention	11
inferior	11
monkey	11
unilateral	11
anglican	11
destruction	11
adjust	11
exact	11
rescue	11
aggression	11
request	11
chase	11
clever	11
supplier	11
consensus	11
grave	11
dedicate	11
awkward	11
rumour	11
respective	11
collective	11
repayment	11
judicial	11
poison	11
firms	11
400	11
disappoint	11
initiative	11
delivery	11
sadly	11
india	11
tribunal	11
outcome	11
countryside	11
n	11
advocacy	11
durham	11
underneath	11
organ	11
admission	11
recover	11
anxiety	11
taxation	11
resign	11
tariff	11
sentiment	11
provisional	11
grab	11
insider	11
walter	11
afraid	11
stable	11
hook	11
rod	11
swear	11
greet	11
string	11
sink	11
vertical	11
breathe	11
shoot	11
cambridge	11
soloist	11
pity	11
exposure	11
masterpiece	11
firebird	11
onwards	11
isolation	11
bare	11
virgin	11
statue	11
storm	11
desperate	11
learnt	11
reduction	11
chen	11
jack	11
prominent	11
thomas	11
virus	11
assure	11
era	11
widespread	11
ditch	11
export	11
rid	11
continuity	11
disposal	11
bother	11
beethoven	11
un	11
poverty	11
leaflet	11
anger	11
eagle	11
premise	11
alloy	11
announcement	11
butler	11
kid	11
recruit	11
damp	11
accommodation	11
confront	11
ai	11
suicide	11
fortunate	11
forgery	11
dependent	11
idle	11
distort	11
flavour	11
questions	11
cable	11
proceedings	11
friendship	11
comrade	11
rice	11
elizabeth	11
diamond	11
brass	11
pension	11
bark	11
reporter	11
default	11
receiver	11
distortion	11
isle	11
commando	11
shallow	11
cloth	11
precedent	11
atomic	11
departments	11
polytechnic	11
shah	11
naval	11
flexible	11
pop	11
incidentally	11
catherine	11
skinner	11
cancer	11
fortunately	11
ram	11
journal	11
jewish	11
compression	11
palestinian	11
chose	10
predecessor	10
patent	10
feminist	10
readily	10
cheaper	10
vigorous	10
conscience	10
transformation	10
harder	10
separation	10
twice	10
devil	10
defender	10
usa	10
effectiveness	10
conclude	10
wander	10
sack	10
writing	10
possess	10
scrap	10
speculation	10
honour	10
vitally	10
undermine	10
nail	10
anywhere	10
competitor	10
locomotive	10
climber	10
angry	10
logic	10
absurd	10
repetition	10
revive	10
rational	10
furniture	10
medicine	10
publisher	10
humane	10
absorb	10
journalism	10
transform	10
canto	10
musician	10
logical	10
resemble	10
diary	10
dull	10
dislike	10
loyal	10
mate	10
cycle	10
nationalisation	10
collar	10
toxic	10
closure	10
temper	10
instinct	10
penalty	10
kit	10
ease	10
faction	10
rubbish	10
super	10
influential	10
prescott	10
mercy	10
mock	10
alert	10
reliability	10
continent	10
passion	10
patten	10
curb	10
sex	10
pool	10
dramatically	10
generous	10
summit	10
rigid	10
victor	10
evidently	10
guilty	10
await	10
forever	10
tail	10
suppress	10
resignation	10
novelist	10
preferable	10
mould	10
conveyance	10
coin	10
working	10
willingness	10
tight	10
fold	10
parade	10
lad	10
oak	10
everywhere	10
wrist	10
canvas	10
wedding	10
willow	10
ray	10
milk	10
tenant	10
commander	10
burden	10
li	10
province	10
deck	10
cheer	10
laughter	10
barbell	10
outwards	10
strain	10
carving	10
choreographic	10
distinctive	10
requiem	10
withdrawal	10
negotiate	10
diplomat	10
disability	10
pit	10
virtual	10
intermediary	10
shirt	10
mobile	10
blank	10
contribution	10
famine	10
conform	10
licence	10
agent	10
ocean	10
admire	10
ar	10
brave	10
facade	10
amenity	10
understandable	10
compose	10
shore	10
locate	10
presumable	10
varnish	10
chamber	10
welsh	10
cardiff	10
sections	10
fir	10
comprehensive	10
contempt	10
distant	10
grind	10
battalion	10
tropical	10
weekly	10
genre	10
orchestral	10
laboratory	10
header	10
lip	10
psychological	10
straightforward	10
beam	10
successive	10
photography	10
cricket	10
pronounce	10
continuous	10
gothic	10
attraction	10
spell	10
defy	10
wire	10
modernise	10
nursery	10
shield	10
frog	10
circulate	10
disclosure	10
carve	10
clamp	10
borough	10
satisfaction	10
oversea	10
airline	10
br	10
45	10
narrator	10
milton	10
miller	10
rig	10
reconstruct	10
correlation	10
compulsory	10
embark	10
livestock	10
neutral	10
contemplate	10
structuralism	10
brick	10
chisel	10
copper	10
lp	10
mb	10
scratch	10
acetate	10
72	10
appellant	10
impedance	10
mare	10
fierce	9
reproduction	9
attain	9
capitalist	9
tactics	9
legitimate	9
teaching	9
amendment	9
harry	9
soul	9
violent	9
uphold	9
meal	9
harm	9
variant	9
communal	9
alleged	9
meat	9
ambiguous	9
engagement	9
spontaneous	9
fairly	9
causal	9
competence	9
neuropsychology	9
objection	9
technically	9
willing	9
irrelevant	9
seemingly	9
nerve	9
refurbishment	9
hops	9
monument	9
cat	9
outset	9
basically	9
blend	9
safely	9
insight	9
domination	9
enforce	9
critics	9
bound	9
verbal	9
precise	9
recommendation	9
englishman	9
definitive	9
mild	9
rhythmic	9
echo	9
pr	9
consumption	9
fox	9
plight	9
obligation	9
capitalism	9
restoration	9
spain	9
comparatively	9
howard	9
hamilton	9
adam	9
seventy	9
desert	9
burrow	9
noble	9
endless	9
jury	9
motivate	9
ups	9
stadium	9
terrorist	9
drag	9
jonathan	9
biography	9
plea	9
toilet	9
spectator	9
replacement	9
movie	9
alive	9
stalinist	9
exhaust	9
fortune	9
swallow	9
norman	9
scrivener	9
widen	9
trojan	9
agriculture	9
queue	9
eliminate	9
embryo	9
moments	9
grade	9
blackpool	9
exile	9
heading	9
steal	9
revival	9
thatcherism	9
scandal	9
valid	9
undergraduate	9
pleasant	9
worthy	9
faculty	9
temple	9
weigh	9
held	9
anticipate	9
sixteen	9
productive	9
deprive	9
compassion	9
samuel	9
partisan	9
hunger	9
saloon	9
tent	9
anthropologist	9
spending	9
fiscal	9
rug	9
phenomenon	9
execution	9
wrap	9
cock	9
snap	9
chin	9
remainder	9
cart	9
stain	9
squeeze	9
piper	9
patch	9
stir	9
coarse	9
fabric	9
flood	9
bruce	9
embarrass	9
ash	9
racquet	9
triceps	9
definitely	9
gibbon	9
swift	9
weave	9
les	9
unfold	9
glory	9
helpless	9
voltage	9
hardy	9
turnover	9
alien	9
eternal	9
lebanon	9
navy	9
tangle	9
ghost	9
prosecution	9
rubber	9
secular	9
christ	9
illegal	9
19	9
envisage	9
ballot	9
stag	9
manipulate	9
bob	9
elderly	9
cigarette	9
modernism	9
architectural	9
alike	9
diverse	9
sussex	9
invitation	9
optimistic	9
confrontation	9
dialogue	9
hamburg	9
huddle	9
boost	9
predominantly	9
asian	9
emergency	9
artificial	9
refusal	9
guest	9
airport	9
dismissive	9
atoms	9
pakistan	9
cutlery	9
immense	9
institute	9
locally	9
criticise	9
vulnerable	9
memoir	9
competitive	9
desperately	9
stair	9
comments	9
prestigious	9
purport	9
complicated	9
impetus	9
lost	9
manifesto	9
rag	9
scream	9
crown	9
paradox	9
charles	9
recovery	9
bunch	9
relieve	9
tabloid	9
phone	9
recruitment	9
clerk	9
fourteen	9
burma	9
enhance	9
highbrow	9
concrete	9
villager	9
thermal	9
liquid	9
guidance	9
debit	9
borrowing	9
participation	9
terminal	9
holder	9
arrow	9
editorial	9
demonstrator	9
researcher	9
yield	9
125	9
opt	9
button	9
raper	9
satisfactory	9
dug	9
sceptical	9
mum	9
audition	9
ben	9
las	9
steady	9
comparable	9
expansion	9
whitehall	9
invention	9
professionalism	9
skilled	9
prompt	9
recommend	9
portable	9
patients	9
screw	9
notebook	9
repair	9
stereo	9
organic	9
ezra	9
abolish	9
stallion	9
disregard	8
arena	8
terrible	8
betray	8
doubtless	8
ethical	8
entity	8
constitution	8
eve	8
contention	8
empirical	8
consequently	8
scot	8
holy	8
acceptance	8
analyse	8
availability	8
situations	8
summon	8
static	8
bread	8
fewer	8
dot	8
grasp	8
representational	8
critique	8
profound	8
harsh	8
cliff	8
secondly	8
assault	8
fate	8
flourish	8
disappearance	8
defer	8
pragmatic	8
horizon	8
admiration	8
honest	8
caution	8
trivial	8
morris	8
victoria	8
templar	8
poetic	8
surprisingly	8
disaster	8
shut	8
intellect	8
sensibility	8
overt	8
footwork	8
robust	8
sw	8
cautious	8
fantasy	8
california	8
overcome	8
greenpeace	8
campaigner	8
entrepreneur	8
territory	8
supreme	8
dismay	8
boldly	8
comedian	8
controversial	8
dynamic	8
46	8
retreat	8
harmony	8
album	8
obsess	8
invasion	8
lords	8
laird	8
determined	8
charter	8
brook	8
unsuitable	8
resort	8
howe	8
customs	8
immigration	8
woolf	8
flock	8
egg	8
wherever	8
diminution	8
libertarian	8
accord	8
environmentally	8
inflationary	8
alcoholic	8
born	8
unofficial	8
decay	8
prolong	8
doctrine	8
cassette	8
tap	8
completion	8
complement	8
hitherto	8
unstable	8
punish	8
ii	8
pronunciation	8
unpleasant	8
lear	8
tune	8
jerk	8
quietly	8
hurt	8
temporary	8
clench	8
breast	8
explode	8
fragile	8
seal	8
weep	8
bury	8
ordinate	8
hooks	8
backwards	8
lovely	8
glue	8
sideway	8
melodrama	8
bristle	8
roar	8
faint	8
stare	8
cheek	8
lateral	8
glad	8
approximately	8
biceps	8
deltoid	8
bang	8
cinderella	8
symphonic	8
consort	8
pressing	8
dignity	8
heroine	8
comic	8
soar	8
expressive	8
onlooker	8
enigma	8
withstand	8
upward	8
evil	8
evaluate	8
fancy	8
valve	8
deem	8
electronics	8
solidarity	8
triumph	8
21	8
thorn	8
burst	8
pledge	8
interim	8
commissioner	8
monster	8
wholesale	8
dawn	8
exert	8
occupation	8
neo	8
doom	8
incompatible	8
freight	8
59	8
commentary	8
contra	8
surrender	8
offensive	8
joseph	8
thomson	8
surge	8
obscure	8
demolish	8
menace	8
umbrella	8
evolution	8
injure	8
riot	8
guy	8
flank	8
clerical	8
laity	8
bryan	8
hail	8
glide	8
arranger	8
lounge	8
childhood	8
93	8
inmate	8
unemployed	8
strict	8
timetable	8
built	8
wooden	8
reception	8
jolly	8
officials	8
emphasize	8
anonymity	8
peculiar	8
presidential	8
mature	8
lucid	8
spectacle	8
surgery	8
carnival	8
spore	8
mortar	8
conifer	8
transmission	8
raw	8
accountant	8
documentary	8
shaw	8
sensitivity	8
tribute	8
er	8
circulation	8
38	8
instructor	8
colonel	8
broadcaster	8
fictional	8
decorative	8
witch	8
discretion	8
courtesy	8
evolve	8
multiple	8
hitler	8
wolf	8
specialise	8
owned	8
fat	8
lecturer	8
utter	8
canada	8
terrace	8
frankfurt	8
openly	8
drain	8
sponsorship	8
sixth	8
liable	8
ethnic	8
caterer	8
companion	8
depression	8
lamp	8
retirement	8
variable	8
cancel	8
47	8
continental	8
bloc	8
reckon	8
venture	8
recession	8
rio	8
unlawful	8
borrower	8
fe	8
mint	8
depositor	8
lender	8
orchard	8
safer	8
twelfth	8
bramble	8
complaint	8
roach	8
midlands	8
trent	8
sick	8
landing	8
besides	8
hiv	8
healthy	8
orientate	8
montreal	8
picasso	8
partially	8
moderate	8
consume	8
illness	8
rein	8
rugby	8
midst	8
evaluation	8
colonial	8
mm	8
dominance	8
suspension	8
bath	8
capability	8
impart	8
donation	8
tube	8
metropolitan	8
agents	8
utility	8
optimism	8
treaty	8
spanner	8
cd	8
engrave	8
recycle	8
turf	8
weed	8
craft	8
vinyl	8
pretend	8
motif	8
possessed	8
redundancy	8
algorithm	8
luxury	8
jail	8
clay	8
surrey	8
generality	8
jenny	8
kean	8
redevelopment	8
tram	8
thesis	7
exhausted	7
aesthetics	7
namely	7
motivation	7
protestantism	7
referendum	7
easily	7
precarious	7
schooling	7
spencer	7
likelihood	7
catholicism	7
prejudice	7
lunch	7
gardener	7
disagree	7
traditionally	7
ethnographic	7
elaborate	7
practitioner	7
fever	7
symptoms	7
pine	7
brace	7
precisely	7
disposition	7
silly	7
constructivist	7
analogy	7
piaget	7
kant	7
entail	7
ordination	7
chocolate	7
phenomena	7
characterize	7
functionalism	7
prone	7
irrespective	7
gardner	7
listener	7
quarry	7
mess	7
equip	7
luck	7
objectivity	7
ego	7
scorn	7
sacred	7
reel	7
acute	7
admitted	7
prose	7
psychoanalysis	7
anthology	7
norris	7
insert	7
affinity	7
romance	7
fascinate	7
diction	7
hate	7
sensory	7
apparatus	7
carpet	7
suspicious	7
constructive	7
parental	7
foolish	7
tract	7
unsuccessful	7
senna	7
flag	7
reconstruction	7
ambitious	7
slice	7
embarrassment	7
commons	7
awards	7
revise	7
parkinson	7
guitar	7
assertion	7
sway	7
descend	7
proclaim	7
tes	7
consistency	7
times	7
inherit	7
found	7
indicator	7
upset	7
obsession	7
trigger	7
influx	7
auditor	7
nun	7
economist	7
lout	7
operative	7
reforms	7
applicant	7
disruption	7
known	7
herald	7
excuse	7
matthew	7
hurry	7
sanction	7
unreasonable	7
dictate	7
regime	7
environmentalist	7
notoriously	7
nonsense	7
stature	7
proposition	7
exploration	7
rewrite	7
virtue	7
unify	7
chamberlain	7
boast	7
accumulate	7
subsidy	7
enjoyable	7
interviews	7
clutch	7
authenticity	7
chart	7
perch	7
sided	7
airbrake	7
worthwhile	7
problematic	7
maintenance	7
continuously	7
audit	7
0	7
penetrate	7
dissolve	7
silk	7
crystal	7
limb	7
stance	7
gravity	7
graze	7
linear	7
barrack	7
peat	7
spray	7
stun	7
grassy	7
stiff	7
ladder	7
pale	7
plantation	7
blast	7
harris	7
loom	7
elegant	7
hopeful	7
calf	7
ratio	7
originate	7
cutter	7
guideline	7
valois	7
scatter	7
73	7
arrogance	7
pepper	7
porter	7
jackson	7
handy	7
lloyd	7
civilisation	7
avenue	7
tag	7
scramble	7
pink	7
afghan	7
lebanese	7
supervise	7
plunge	7
vanish	7
restriction	7
authoritarian	7
suspicion	7
investigator	7
explosive	7
tenure	7
offset	7
bulb	7
accusation	7
automatic	7
feather	7
shrink	7
dividend	7
madrid	7
hike	7
spectre	7
se	7
dump	7
louis	7
percentage	7
lyon	7
jacket	7
swiss	7
electronic	7
scott	7
pacific	7
foam	7
policewoman	7
straw	7
prominence	7
gorky	7
suburban	7
o'clock	7
elizabethan	7
playwright	7
evangelical	7
vocal	7
regret	7
sacrifice	7
liaison	7
bay	7
calibre	7
whisper	7
absent	7
relaxation	7
48	7
disperse	7
surveillance	7
grief	7
hess	7
verge	7
alcohol	7
aerosol	7
emission	7
frontier	7
warp	7
heroic	7
disappointment	7
superficial	7
plenum	7
insurer	7
dire	7
memorial	7
slate	7
photo	7
thread	7
differently	7
nonetheless	7
intrigue	7
corduroy	7
impress	7
commissions	7
rot	7
moisture	7
fruit	7
bowl	7
needle	7
irresistible	7
lion	7
max	7
surrounding	7
resonance	7
amaze	7
wale	7
leipzig	7
reunification	7
momentum	7
pastor	7
autobiography	7
everyday	7
nearby	7
triangle	7
allocate	7
entertain	7
christopher	7
monk	7
puppet	7
cloudy	7
gould	7
austin	7
sponsor	7
sandwich	7
pantomime	7
choir	7
mike	7
grinder	7
jan	7
mac	7
skill	7
edition	7
barrister	7
wound	7
archive	7
matrimonial	7
lyric	7
pioneer	7
stead	7
reed	7
chef	7
scarcely	7
workplace	7
premium	7
maxwell	7
buyer	7
amp	7
interference	7
businessman	7
berkshire	7
netherlands	7
kent	7
cure	7
eighth	7
appointment	7
salesman	7
popularity	7
proposed	7
telecom	7
painful	7
rupert	7
graham	7
premier	7
insufficient	7
po	7
instalment	7
publican	7
paradise	7
violet	7
lin	7
donor	7
butterfly	7
conversely	7
superintendent	7
enquiry	7
entrant	7
prig	7
hop	7
garage	7
toy	7
bonn	7
reassure	7
laws	7
delegation	7
campus	7
mandela	7
34	7
impartiality	7
translation	7
diagram	7
compliance	7
supper	7
lime	7
required	7
emperor	7
tide	7
therapist	7
explanatory	7
recorder	7
refresh	7
preliminary	7
participate	7
toolbox	7
slab	7
badge	7
panama	7
outlet	7
rider	7
byte	7
hungary	7
fool	7
necessitate	7
anniversary	7
privatised	7
goldsmith	7
senate	7
knight	7
gaelic	7
torture	7
cox	7
hindu	7
pact	7
detector	7
homeless	7
decided	6
patronage	6
illustration	6
sphere	6
coercive	6
theology	6
regain	6
approve	6
officially	6
intent	6
panic	6
bible	6
scrutiny	6
78	6
tentative	6
entrepreneurial	6
articulate	6
coherent	6
bent	6
drunk	6
cluster	6
torch	6
scepticism	6
testimony	6
proprietor	6
materialist	6
stimuli	6
host	6
cognisance	6
scissor	6
women	6
slam	6
smart	6
cask	6
keg	6
superb	6
landowner	6
placing	6
wilderness	6
forth	6
preface	6
density	6
breakdown	6
auden	6
saussure	6
lively	6
humanistic	6
implicit	6
unconscious	6
ponder	6
ambiguity	6
disagreement	6
treasure	6
expressiveness	6
associations	6
plausible	6
biographer	6
noel	6
initiate	6
splash	6
manoeuvre	6
halt	6
excite	6
avenge	6
churchill	6
viable	6
vervet	6
protective	6
harassment	6
uncertain	6
stroke	6
goose	6
mini	6
energetic	6
crack	6
presume	6
committed	6
ironic	6
importantly	6
reminiscent	6
unacceptable	6
tactical	6
libel	6
stunt	6
poise	6
nut	6
derby	6
bristol	6
pig	6
disease	6
leo	6
ambition	6
endure	6
ruthless	6
retire	6
vigour	6
discredit	6
hollywood	6
automatically	6
infection	6
emotive	6
sovereignty	6
destiny	6
ridley	6
specify	6
angolan	6
angola	6
regardless	6
sociology	6
detrimental	6
heap	6
barrage	6
lonely	6
uncertainty	6
glare	6
thatcherite	6
fisher	6
rouse	6
pursuit	6
conformity	6
puzzle	6
durability	6
clue	6
savage	6
jungle	6
complicate	6
intrinsic	6
fragment	6
dilemma	6
fatal	6
individuality	6
ideally	6
household	6
taxpayer	6
relentless	6
steadily	6
commentator	6
secrecy	6
ascent	6
clarify	6
forefront	6
revelation	6
operational	6
miner	6
evade	6
opening	6
whirl	6
freely	6
candle	6
heather	6
dyke	6
tyranny	6
char	6
dense	6
sandy	6
labourer	6
slave	6
fetter	6
mighty	6
frankly	6
sane	6
exhaustion	6
fuck	6
whisky	6
patience	6
inspect	6
olive	6
crouch	6
fitness	6
inwards	6
martial	6
lat	6
thickness	6
woodworker	6
hazard	6
steer	6
frivolous	6
tchaikovsky	6
shorter	6
68	6
fonteyn	6
aurora	6
holding	6
pirouette	6
grace	6
poignant	6
dancing	6
veil	6
eccentric	6
5th	6
basil	6
frieze	6
princess	6
61	6
ankle	6
barrie	6
stout	6
lease	6
spotlight	6
chap	6
terror	6
uncle	6
invaluable	6
gaze	6
warner	6
czechoslovak	6
cerebral	6
correlate	6
typewrite	6
guerrilla	6
hysterical	6
broken	6
insult	6
compass	6
colourful	6
ft	6
cargo	6
accustom	6
robinson	6
singer	6
rust	6
operations	6
duration	6
calculation	6
inclusion	6
pol	6
prop	6
fortnight	6
concede	6
76	6
brand	6
canadian	6
missionary	6
helicopter	6
enthusiastically	6
dramatist	6
rebuild	6
advent	6
visionary	6
tudor	6
ravage	6
children	6
41	6
rite	6
layout	6
exotic	6
massine	6
clown	6
wartime	6
recognisable	6
radiation	6
temptation	6
monroe	6
discern	6
righteous	6
mankind	6
tyre	6
actress	6
prestige	6
miles	6
ax	6
convenience	6
guinness	6
clothing	6
johnston	6
lacquer	6
somebody	6
apartheid	6
renew	6
peasantry	6
subordinate	6
potato	6
reluctantly	6
residential	6
thanks	6
indulge	6
problems	6
fade	6
dig	6
educated	6
hostility	6
brickwork	6
resistant	6
commercially	6
pottery	6
rainforest	6
clip	6
tobacco	6
davis	6
bless	6
bernstein	6
radar	6
modify	6
sunlight	6
suspend	6
christmas	6
vienna	6
czechoslovakia	6
worldwide	6
grateful	6
appraisal	6
enormously	6
salt	6
starr	6
jordan	6
indigenous	6
greece	6
urgent	6
chosen	6
gathering	6
congregation	6
contradiction	6
grouping	6
courtier	6
bizet	6
bride	6
pendulum	6
sarah	6
advisory	6
fighter	6
polite	6
revisionism	6
ma	6
hungry	6
mason	6
vivid	6
thumb	6
reformist	6
macbeth	6
warrior	6
farewell	6
salary	6
mildly	6
underwrite	6
qualified	6
sonata	6
auschwitz	6
sufficiently	6
lowbrow	6
disapproval	6
changing	6
monthly	6
cathedral	6
spouse	6
imagery	6
berkeley	6
hazel	6
gross	6
adverse	6
cardboard	6
registration	6
discount	6
precaution	6
registrar	6
portfolio	6
plug	6
tighten	6
abbey	6
inaccurate	6
inject	6
squeezing	6
mexico	6
millionaire	6
blunt	6
combat	6
poorer	6
plaintiff	6
creditor	6
36	6
issuer	6
jurisdiction	6
wilkinson	6
steward	6
doubtful	6
allegation	6
leeds	6
dash	6
unilateralism	6
prosperity	6
mobility	6
predator	6
organiser	6
casualty	6
lea	6
amuse	6
overnight	6
shirts	6
briefcase	6
essex	6
hegemony	6
lengthy	6
bulletin	6
symbolic	6
conceptual	6
uncontroversial	6
intake	6
christianity	6
relevance	6
mechanical	6
acre	6
han	6
options	6
adventure	6
paperwork	6
assign	6
partial	6
mathematics	6
plough	6
stuart	6
zone	6
litigation	6
tank	6
flour	6
axle	6
responsive	6
junior	6
supervision	6
h	6
animate	6
raf	6
reported	6
unquestionable	6
mann	6
referral	6
persona	6
chemist	6
discrimination	6
tow	6
bathroom	6
cousin	6
marginal	6
solely	6
hypothesis	6
violin	6
pocket	6
compatible	6
esteem	6
ward	6
albert	6
database	6
hoover	6
uncommitted	6
diderot	6
quince	6
chainsaw	6
pave	6
poster	6
wordsworth	6
tokyo	6
gramophone	6
brooch	6
principally	6
bone	6
shelf	6
royalty	6
sail	6
cad	6
compatibility	6
bevin	6
guilt	6
composite	6
enclose	6
belgian	6
pea	6
boredom	6
arbitration	6
disconcert	6
austen	6
ecological	6
pill	6
forester	6
israeli	6
petition	6
patrilineal	6
matrilineal	6
habitat	6
amend	6
pest	6
scraper	6
needs	6
warsaw	6
shaggy	6
fort	6
villa	6
municipal	6
lublin	6
adoption	6
halve	6
loudspeaker	6
slug	6
thresh	6
mangrove	6
giotto	5
frederick	5
ussr	5
gender	5
substantive	5
empower	5
procession	5
marche	5
allegiance	5
browne	5
lent	5
devour	5
fundamentalist	5
theological	5
unnatural	5
void	5
russell	5
whatsoever	5
encouragement	5
ca	5
dirt	5
affront	5
phd	5
norm	5
analytic	5
detection	5
eyebrow	5
biblical	5
olympic	5
behaviourist	5
assimilate	5
fashionable	5
constructivism	5
developmental	5
functionalist	5
literal	5
metaphysical	5
dualism	5
richness	5
wimbledon	5
rage	5
parcel	5
bitterness	5
headline	5
vandalism	5
scenario	5
hull	5
calculator	5
terrorism	5
grammar	5
ammunition	5
transcendent	5
cling	5
tallis	5
politically	5
mystify	5
transcend	5
eclectic	5
fusion	5
utopian	5
marxism	5
freudian	5
claims	5
disturbance	5
deconstruction	5
experimental	5
rigour	5
obscurity	5
tidy	5
isolated	5
anatomy	5
woolly	5
leap	5
lifelong	5
interrupt	5
detach	5
spectacular	5
shortage	5
prophet	5
outrage	5
reflex	5
rev	5
communion	5
governor	5
optimist	5
fatigue	5
dick	5
cow	5
anna	5
exterior	5
purse	5
gratitude	5
instantly	5
implies	5
elite	5
militant	5
adhere	5
traditionalist	5
lorry	5
arthur	5
perk	5
fry	5
flash	5
smash	5
psycho	5
marine	5
jealous	5
reappear	5
follower	5
overshadow	5
attorney	5
litter	5
heir	5
statute	5
contend	5
throat	5
bundesbank	5
virginia	5
wary	5
fascinating	5
nationwide	5
exodus	5
visa	5
cooper	5
detract	5
fulfil	5
handling	5
beneficial	5
nicholas	5
85	5
precious	5
masculine	5
generalize	5
substitute	5
perceptive	5
documentation	5
greenhouse	5
headmaster	5
prayer	5
chaplain	5
darken	5
succession	5
persuasive	5
populace	5
refrain	5
exasperation	5
masculinity	5
homosexual	5
disruptive	5
vehemently	5
nhs	5
attitudes	5
immoral	5
majesty	5
trader	5
gloucester	5
added	5
characterisation	5
reluctance	5
gloomy	5
marina	5
slit	5
madness	5
idiosyncrasy	5
winning	5
bloody	5
polished	5
ok	5
slender	5
naked	5
bel	5
flicker	5
contestant	5
forearm	5
exaggerate	5
fling	5
mask	5
gentry	5
pin	5
asleep	5
munch	5
oppressive	5
sentry	5
sedition	5
stagger	5
bellow	5
brisk	5
moss	5
harvest	5
beast	5
frighten	5
rake	5
gracefully	5
tongue	5
legend	5
stroll	5
rub	5
gently	5
dish	5
wand	5
bounce	5
vertically	5
contraction	5
overhead	5
dip	5
athlete	5
operator	5
siding	5
corp	5
toe	5
balanchine	5
frost	5
ballerina	5
elongate	5
alteration	5
1st	5
offend	5
accentuate	5
vocabulary	5
exclusion	5
denmark	5
highly	5
oriental	5
clog	5
gay	5
being	5
drinker	5
astonish	5
clash	5
belt	5
analogue	5
measurement	5
divider	5
drown	5
urgently	5
levy	5
records	5
muscular	5
diplomatic	5
prague	5
cortex	5
heath	5
lawrence	5
nato	5
kabul	5
mujahedin	5
legacy	5
palmer	5
courage	5
defiance	5
implicate	5
culminate	5
unpopular	5
iranian	5
restrain	5
complexion	5
worse	5
urgency	5
systems	5
materialise	5
generously	5
commodity	5
trading	5
startle	5
manifest	5
shrewd	5
obstacle	5
oscar	5
da	5
nocturnal	5
vitality	5
lite	5
edwardian	5
postwar	5
jointly	5
idiom	5
altar	5
undesirable	5
landlord	5
clientele	5
fascination	5
footage	5
refinery	5
decent	5
ala	5
keeper	5
ballroom	5
mysterious	5
ceremony	5
agreeable	5
unfortunate	5
flesh	5
videotape	5
chapman	5
solitary	5
atmospheric	5
arc	5
established	5
mileage	5
taxi	5
armed	5
imperative	5
moore	5
bobby	5
accelerate	5
nod	5
costume	5
socially	5
unrest	5
stoppage	5
buoyant	5
detain	5
blacks	5
politburo	5
showcase	5
venue	5
dale	5
saw	5
blazer	5
classroom	5
endanger	5
presidency	5
snag	5
boston	5
scar	5
pakistani	5
uniforms	5
oxide	5
44	5
germinate	5
adjacent	5
cotton	5
wool	5
fitting	5
axe	5
42	5
carbon	5
loath	5
invade	5
sigh	5
baroque	5
el	5
exploitation	5
guild	5
nightmare	5
collaboration	5
danish	5
recipient	5
fluid	5
corruption	5
paramount	5
nucleus	5
invariable	5
meadow	5
ample	5
secretariat	5
clark	5
gogh	5
correspond	5
investigative	5
dismissal	5
steinberg	5
crude	5
premiere	5
56	5
monotone	5
elgar	5
aristotle	5
innovation	5
brilliance	5
renewal	5
decree	5
evenly	5
props	5
cage	5
devoid	5
meaningful	5
protein	5
convict	5
conservatism	5
exceptional	5
cynical	5
simultaneously	5
salute	5
broadcasting	5
preside	5
thrill	5
wired	5
woodward	5
inhabit	5
largely	5
tease	5
motet	5
unfamiliar	5
appetite	5
bacon	5
grosz	5
communism	5
atp	5
adapt	5
breakfast	5
mozart	5
ur	5
celebrity	5
bleak	5
exam	5
handful	5
jones	5
edit	5
faber	5
ovation	5
beck	5
pianist	5
haydn	5
oliver	5
sprang	5
confidential	5
dining	5
watt	5
overtime	5
organizational	5
62	5
stalk	5
lapse	5
yearly	5
dispose	5
technological	5
taurus	5
subsidiary	5
documents	5
jerry	5
withheld	5
lloyds	5
soften	5
populist	5
woo	5
workforce	5
respondent	5
kilometre	5
parson	5
incentive	5
postal	5
regulatory	5
ross	5
instrumental	5
nobel	5
ethic	5
stanley	5
undisclosed	5
highest	5
beleaguer	5
norwegian	5
tavern	5
cafe	5
drastic	5
37	5
manx	5
liquidation	5
allen	5
hopefully	5
murdoch	5
comply	5
moor	5
subscription	5
globe	5
overseas	5
conclusive	5
gandhi	5
brochure	5
later	5
stylish	5
leather	5
amazing	5
allowance	5
deer	5
manor	5
ignorance	5
beech	5
drainage	5
upstream	5
harbour	5
onion	5
helm	5
deploy	5
lb	5
pike	5
matches	5
retired	5
ribbon	5
trouser	5
par	5
19th	5
tailor	5
crane	5
dismount	5
tutorial	5
overlook	5
implementation	5
ludicrous	5
defensiveness	5
espionage	5
helmet	5
elevation	5
naturalistic	5
intensify	5
expertise	5
upland	5
recital	5
debut	5
blueprint	5
jesus	5
tuition	5
met	5
affirmative	5
heaven	5
thrive	5
suburb	5
divided	5
hierarchical	5
murray	5
setback	5
gulf	5
became	5
shortcoming	5
lump	5
maine	5
reticence	5
chassis	5
complexity	5
urine	5
acidic	5
presentations	5
battery	5
maria	5
math	5
bizarre	5
lancaster	5
computerised	5
avon	5
lap	5
pluck	5
wag	5
reinforcement	5
muse	5
patriot	5
suppression	5
revenge	5
salim	5
consolation	5
chemistry	5
iii	5
mustard	5
soak	5
manuscript	5
discriminate	5
psychologist	5
salience	5
phonology	5
running	5
gloss	5
pickup	5
attenuator	5
embody	5
balloon	5
hockey	5
devotion	5
55	5
harlequin	5
marsh	5
korean	5
bureau	5
identifier	5
magnitude	5
tender	5
novels	5
evaluative	5
woodcarver	5
grandfather	5
spindle	5
64	5
laser	5
rom	5
mackintosh	5
ravel	5
illuminate	5
lustre	5
outer	5
molt	5
eventual	5
israel	5
limestone	5
starfish	5
apt	5
spy	5
ceramic	5
cab	5
miniature	5
tint	5
retrieve	5
soundtrack	5
turntable	5
container	5
mccartney	5
aunt	5
scribble	5
ethnography	5
compliment	5
denial	5
rowan	5
pint	5
paterson	5
surgeon	5
oct	5
flashy	5
gp	5
installation	5
physics	5
romania	5
stalin	5
veto	5
tourism	5
aluminium	5
avionics	5
zenith	5
trustee	5
terence	5
moderation	5
curriculum	5
enforcement	5
oust	5
gen	5
eyre	5
hampshire	5
anderson	5
intimidate	5
fl	5
farce	5
censorship	5
fraternal	5
flare	5
ruler	5
burnt	5
kennel	5
outs	5
expedition	5
swedish	5
worcester	5
cardinal	5
amplifier	5
kaufman	5
adaptation	5
promenade	5
roundel	5
stimulation	5
hillside	5
omission	4
preconceive	4
carson	4
sovereign	4
defensive	4
spill	4
provocative	4
authoritative	4
ethics	4
substantially	4
inheritance	4
orphan	4
interplay	4
radically	4
subversive	4
reactionary	4
destructive	4
confine	4
vicious	4
extravagant	4
salisbury	4
starts	4
rigidity	4
reminder	4
anthropological	4
cogent	4
sawyer	4
flush	4
capitalise	4
perceptual	4
swim	4
materialism	4
infinite	4
conditions	4
profoundly	4
summary	4
abstraction	4
impulse	4
unhappy	4
ranking	4
stronger	4
wells	4
fundamentally	4
mountaineer	4
placement	4
peg	4
fraternity	4
vet	4
unwise	4
postscript	4
stack	4
polemical	4
coherence	4
validity	4
poetics	4
invoke	4
lamentable	4
rightly	4
substantiate	4
foucault	4
linguistic	4
terminology	4
taint	4
fracture	4
freud	4
valued	4
repress	4
clinical	4
tinge	4
plato	4
meaningless	4
attentive	4
formulate	4
overtly	4
reflective	4
judicious	4
exigency	4
cult	4
arcane	4
herbert	4
pillar	4
criterion	4
aristocrat	4
insofar	4
booklet	4
strictly	4
likewise	4
sterling	4
balanced	4
morally	4
captive	4
resume	4
manifestation	4
dazzle	4
anachronistic	4
stumble	4
hinterland	4
sincere	4
fray	4
archetypal	4
textile	4
perfection	4
mislead	4
crisp	4
gary	4
clearance	4
crucially	4
unholy	4
tick	4
motorway	4
scarce	4
powder	4
explosion	4
quit	4
inclined	4
stability	4
enthusiast	4
literate	4
respectable	4
vanity	4
prohibit	4
defect	4
thereafter	4
hearing	4
geneva	4
comparative	4
burning	4
preoccupation	4
greater	4
worship	4
injunction	4
adjustment	4
reluctant	4
confess	4
renewed	4
spoke	4
ninety	4
rape	4
lis	4
accordingly	4
reasoning	4
florida	4
congressional	4
monastery	4
facile	4
costly	4
oral	4
wisely	4
legislator	4
convergence	4
hack	4
sis	4
socialization	4
tasks	4
reliance	4
venice	4
hostage	4
destine	4
imperfect	4
eject	4
contemptuous	4
crush	4
stuffy	4
unselfish	4
classics	4
physically	4
tonight	4
quarrel	4
stark	4
experienced	4
laundry	4
semiotics	4
gregory	4
primacy	4
insecurity	4
91	4
disguise	4
lesbian	4
taker	4
privatization	4
nationalize	4
acrimony	4
arbitrator	4
attlee	4
unequivocally	4
reconcile	4
wig	4
complication	4
injustice	4
conveniently	4
fountain	4
throttle	4
backyard	4
dissent	4
fashioned	4
sometime	4
yeah	4
wrench	4
nudge	4
linen	4
felt	4
pillow	4
flail	4
scoop	4
diagonally	4
feasible	4
weaken	4
unmistakable	4
flex	4
carrot	4
swamp	4
blown	4
windmill	4
smithy	4
butt	4
twirl	4
muster	4
volunteer	4
hayfield	4
cradle	4
thicket	4
grin	4
mutter	4
mud	4
reverend	4
corn	4
wee	4
gust	4
philadelphia	4
furthest	4
weary	4
stitch	4
shine	4
gratuitous	4
guess	4
blanket	4
brigade	4
nick	4
silvery	4
toss	4
genesis	4
done	4
thigh	4
straighten	4
backward	4
incline	4
breadth	4
firstly	4
least	4
revolve	4
bargain	4
pencil	4
radial	4
inherent	4
foliage	4
implausible	4
flick	4
melodic	4
83	4
godmother	4
closed	4
adage	4
cola	4
gracious	4
seasonal	4
transition	4
dimensions	4
upstage	4
skirt	4
definite	4
jet	4
continual	4
elation	4
sorrow	4
triumphant	4
purposeful	4
88	4
rebirth	4
lager	4
notch	4
rottweiler	4
fizzy	4
ha	4
vodka	4
haired	4
mute	4
yawn	4
sob	4
virgil	4
incidental	4
honourable	4
ironically	4
hardline	4
unwittingly	4
wistfully	4
sprint	4
perimeter	4
tug	4
immunity	4
cherish	4
sophistication	4
glitter	4
afghanistan	4
lavish	4
muslims	4
iraq	4
disciple	4
inca	4
prosperous	4
modernisation	4
chad	4
friction	4
stub	4
formality	4
misty	4
privately	4
roe	4
oslo	4
aspiration	4
snail	4
luanda	4
finale	4
basque	4
angel	4
slump	4
credibility	4
concession	4
vietnam	4
foil	4
rocket	4
happiness	4
steam	4
slick	4
crawl	4
cache	4
workman	4
tan	4
sharper	4
bombay	4
peer	4
thresher	4
allied	4
sandbag	4
prevention	4
hawaii	4
11th	4
intimate	4
neighbourhood	4
antiquity	4
minded	4
casual	4
preach	4
sin	4
vault	4
parlour	4
spit	4
linger	4
civic	4
goer	4
petty	4
lifetime	4
robertson	4
lain	4
owl	4
cloak	4
wick	4
prokofiev	4
chord	4
unfolding	4
protagonist	4
onset	4
sword	4
duplicity	4
mahler	4
noisy	4
rift	4
menu	4
spandau	4
psychiatric	4
bequeath	4
carrier	4
cobbled	4
hobby	4
pollute	4
bakery	4
peril	4
battlefield	4
extraordinarily	4
rabbit	4
briton	4
golf	4
cream	4
recount	4
elusive	4
intimacy	4
splendid	4
10000	4
aesthetically	4
thwart	4
wildly	4
hart	4
churchman	4
reprieve	4
bland	4
trophy	4
midfield	4
striker	4
kolkhoz	4
bolshevik	4
inspired	4
unions	4
skyline	4
hymn	4
exemplify	4
irresponsible	4
keyboard	4
colliery	4
heighten	4
damaged	4
dare	4
sweater	4
sikh	4
depress	4
interrogation	4
goat	4
inspection	4
frenetic	4
disco	4
millions	4
hollow	4
cellulose	4
somerset	4
glossy	4
bloomsbury	4
glaze	4
rim	4
inefficient	4
grid	4
filmmaker	4
constrain	4
tolerate	4
shame	4
receipt	4
nutrient	4
restrained	4
reservation	4
strive	4
confederation	4
replay	4
ranger	4
attendance	4
terrain	4
coastal	4
korea	4
nigeria	4
corot	4
administrator	4
believable	4
hurdle	4
mistress	4
tray	4
dressing	4
realist	4
craze	4
purist	4
loosen	4
thematic	4
repertoire	4
maiden	4
lyrical	4
compile	4
lighter	4
ending	4
rejoice	4
applause	4
groom	4
rink	4
diaghilev	4
cabaret	4
visualise	4
depict	4
unfair	4
retention	4
passive	4
austere	4
supermarket	4
hogg	4
fraction	4
cameraman	4
antics	4
planner	4
conserve	4
aggregate	4
elevate	4
furious	4
savour	4
pant	4
purple	4
cumbria	4
blindness	4
raconteur	4
anecdote	4
cheese	4
skit	4
introspective	4
perpetuate	4
realisation	4
liberate	4
persuasion	4
distract	4
vatican	4
chronicle	4
cherry	4
bach	4
clement	4
novelty	4
sheen	4
sow	4
sly	4
flop	4
arbitrarily	4
divert	4
ended	4
footballer	4
davies	4
conjunction	4
litre	4
sincerity	4
shostakovich	4
exchequer	4
campaigning	4
incompetence	4
failing	4
pervasive	4
65	4
abound	4
conceal	4
caricature	4
twitch	4
deduct	4
deduction	4
creep	4
stillness	4
twisted	4
anemone	4
shrub	4
axis	4
ornamental	4
hairy	4
yaw	4
beginner	4
deflection	4
nuisance	4
divisional	4
align	4
charcoal	4
snip	4
registry	4
annually	4
thief	4
stronghold	4
84	4
incapable	4
auckland	4
commonly	4
ba	4
philosophically	4
meme	4
broadsheet	4
flotation	4
assistants	4
detriment	4
improper	4
clearing	4
financing	4
nowadays	4
subsidise	4
provident	4
advertisement	4
lucrative	4
induce	4
liquidator	4
manifestly	4
winding	4
replicate	4
regeneration	4
understanding	4
counsel	4
dispatch	4
butch	4
microchip	4
deceive	4
locality	4
drawn	4
richards	4
bomber	4
stile	4
54	4
abolition	4
equality	4
quaint	4
ern	4
kipling	4
residence	4
overcrowd	4
saddle	4
raft	4
supportive	4
multilateral	4
bait	4
spar	4
reservoir	4
deeper	4
billy	4
excellence	4
indifference	4
combined	4
humorous	4
tribe	4
dragon	4
bamboo	4
duality	4
proportionate	4
overthrow	4
clerics	4
emergence	4
alehouse	4
aids	4
regulate	4
67	4
inspectors	4
hq	4
tunics	4
serge	4
assertive	4
measurements	4
systematic	4
bicycle	4
excursion	4
parker	4
usage	4
admirable	4
dub	4
discharge	4
peaks	4
altitude	4
zero	4
trait	4
weird	4
rotation	4
realism	4
accidental	4
poems	4
paid	4
glimpse	4
kohl	4
pessimist	4
vigorously	4
leaver	4
privileged	4
sake	4
jettison	4
nip	4
lendl	4
correspondence	4
thunder	4
persistent	4
administer	4
engineering	4
tarnish	4
bernard	4
powerless	4
impoverished	4
freed	4
intelligible	4
idiot	4
seeker	4
visibility	4
fulfill	4
reformation	4
simplify	4
63	4
terry	4
organizer	4
enlighten	4
outward	4
dependency	4
preferential	4
promotional	4
anonymous	4
symptom	4
endorsement	4
bureaucratic	4
coincide	4
materialistic	4
civilization	4
enjoyment	4
daytime	4
dusk	4
moth	4
insect	4
irregular	4
alkaline	4
lantern	4
murphy	4
cheat	4
construe	4
reconciliation	4
philharmonic	4
velvet	4
amplify	4
luxembourg	4
missile	4
disgust	4
racially	4
rib	4
ali	4
inlay	4
czech	4
instructive	4
simplicity	4
trek	4
jealousy	4
betrayal	4
beef	4
anise	4
inexperience	4
axiomatic	4
acquired	4
wax	4
organism	4
awaken	4
lexicon	4
cambrian	4
livery	4
compartment	4
versatile	4
feedback	4
resemblance	4
ongoing	4
contamination	4
contaminate	4
toughness	4
footnote	4
disciplinary	4
monsoon	4
drizzle	4
overtake	4
fireplace	4
unilateralist	4
siberian	4
kursk	4
sickness	4
lung	4
madonna	4
fame	4
autobiographical	4
expound	4
upwind	4
weathercock	4
citizens	4
quotation	4
surrealist	4
creativity	4
carver	4
inventor	4
accessory	4
rotary	4
fasten	4
notorious	4
deduce	4
spine	4
apple	4
delightful	4
tens	4
transistor	4
stm	4
knife	4
alternate	4
archaeological	4
marrow	4
typeface	4
singe	4
baton	4
mono	4
bonus	4
stylus	4
farrell	4
duncan	4
recordings	4
topsoil	4
gang	4
u	4
berliner	4
melody	4
copyright	4
latitude	4
grown	4
rupture	4
encase	4
sugar	4
imitation	4
heavens	4
goodness	4
picker	4
avalanche	4
rabbi	4
unveil	4
reign	4
camps	4
competent	4
telescope	4
scanner	4
stroked	4
rectangular	4
directness	4
bergman	4
revert	4
withdrawn	4
upside	4
reticent	4
grange	4
desolate	4
homework	4
plague	4
ceiling	4
inns	4
magistrate	4
sniff	4
dismal	4
gin	4
warden	4
violation	4
synthesis	4
praesidium	4
vociferously	4
shareholding	4
vat	4
deadline	4
imprison	4
said	4
hemlock	4
truths	4
salvation	4
kosovo	4
chilean	4
duplicate	4
wording	4
rector	4
credence	4
rehabilitation	4
aged	4
distress	4
complacency	4
elephant	4
syringe	4
periodical	4
chess	4
drawer	4
nest	4
quill	4
proprietary	4
teak	4
towel	4
masonry	4
galvanometer	4
angular	4
envelop	4
drastically	4
claw	4
pollock	4
welt	4
contents	4
shiver	4
magnificent	4
sally	4
hughes	4
winger	4
abandonment	4
todd	4
springer	4
governing	4
edginess	4
photocopy	4
commence	4
trough	4
compiler	4
digression	4
manure	4
incredible	4
cartel	4
storey	4
lash	4
bred	4
bot	4
pond	4
shepherd	4
sustainable	4
connections	3
venetian	3
override	3
florentine	3
sexuality	3
legitimacy	3
devolve	3
undergo	3
implied	3
marshall	3
forgive	3
traditions	3
integration	3
secularist	3
infer	3
refute	3
salter	3
trout	3
clinch	3
unfit	3
purity	3
portion	3
accordance	3
paradigm	3
deviant	3
bengal	3
uncomfortable	3
resin	3
fruitless	3
gestalt	3
objector	3
behaviouristic	3
behavioural	3
richer	3
undergrowth	3
neuron	3
individually	3
interact	3
misguide	3
qualitative	3
interaction	3
neurophysiological	3
greatly	3
temporarily	3
posterior	3
metaphor	3
hearthrug	3
upsurge	3
serviceable	3
dmus	3
ecologically	3
crag	3
rachel	3
beautifully	3
tense	3
editions	3
ripe	3
italic	3
signifier	3
utterly	3
intentional	3
heresy	3
skeptical	3
professionally	3
inconsistent	3
reinstate	3
irredeemable	3
rediscover	3
thinker	3
arbitrary	3
speculative	3
stud	3
cosmetic	3
published	3
conventionally	3
frye	3
unfavourable	3
dilute	3
pedagogic	3
aegis	3
sidney	3
dryden	3
journals	3
inflate	3
quest	3
resent	3
contour	3
color	3
atom	3
unrelated	3
hatch	3
consistently	3
discursive	3
rainy	3
thrown	3
duly	3
saver	3
malawi	3
probable	3
greed	3
inability	3
intensely	3
placate	3
easier	3
hector	3
raleigh	3
pennsylvania	3
doctrinal	3
convertible	3
citizenship	3
repression	3
constrict	3
catalyst	3
indistinguishable	3
legislative	3
abode	3
infinitely	3
loser	3
italians	3
distrust	3
recreation	3
marvellous	3
regulator	3
basin	3
skipper	3
skip	3
slowdown	3
rancour	3
ang	3
proportional	3
cooke	3
lurch	3
undertaken	3
rive	3
unthinkable	3
obstruct	3
windsor	3
sizeable	3
maturity	3
waugh	3
personalise	3
bee	3
gospel	3
affection	3
folly	3
perry	3
amalgamated	3
hitchcock	3
traitor	3
slither	3
biscuit	3
fowler	3
fond	3
82	3
reconsider	3
inaugurate	3
pedigree	3
espouse	3
demise	3
touchstone	3
flurry	3
swimmer	3
mistrust	3
salmonella	3
emu	3
eminence	3
testing	3
prudent	3
1000	3
symbolise	3
offing	3
rouble	3
fo	3
lifer	3
hacker	3
glee	3
certainty	3
ecstatic	3
disqualify	3
portuguese	3
federation	3
upheld	3
protestation	3
robbery	3
harrison	3
marketable	3
spiral	3
euro	3
medea	3
heady	3
elder	3
formidable	3
opinions	3
bethune	3
vicar	3
curate	3
vocation	3
curiously	3
slower	3
solomon	3
obsolete	3
rarefy	3
wearer	3
incidence	3
lag	3
colonist	3
subsist	3
parts	3
gig	3
holmes	3
impossibility	3
subtitle	3
vulnerability	3
flaw	3
autonomous	3
bitterly	3
selling	3
advancement	3
appall	3
manpower	3
bankrupt	3
revel	3
denunciation	3
ideologue	3
benchmark	3
protectionist	3
ro	3
recollection	3
utmost	3
viii	3
fantastical	3
unseen	3
careless	3
abrupt	3
haul	3
companionship	3
gasp	3
bernini	3
prerequisite	3
explication	3
prevalent	3
tiptoe	3
weld	3
ecstasy	3
scrape	3
brow	3
suck	3
paw	3
crease	3
relic	3
limp	3
diagonal	3
attacking	3
longitudinal	3
beware	3
ripple	3
pulse	3
slant	3
sceptre	3
duck	3
shriek	3
drab	3
lurk	3
attic	3
zeal	3
slacken	3
hazy	3
oatcake	3
hay	3
tramp	3
mist	3
gravel	3
stubborn	3
squeal	3
unduly	3
hefty	3
irritable	3
myriad	3
whoop	3
furiously	3
frenzy	3
clasp	3
aisle	3
slough	3
manse	3
forts	3
stow	3
cannon	3
recharge	3
readiness	3
bracken	3
chary	3
sunrise	3
rigorous	3
etiquette	3
dim	3
drinks	3
regrettable	3
streak	3
aloud	3
mackerel	3
blunder	3
tenderly	3
dawdle	3
indians	3
wedge	3
torso	3
squat	3
reps	3
trapezius	3
hazardous	3
midway	3
specification	3
bracket	3
tulip	3
danseuse	3
meditation	3
pigeon	3
dart	3
triumphantly	3
crow	3
playful	3
bodies	3
spaciousness	3
encircle	3
examples	3
downward	3
classically	3
fantastic	3
napoli	3
plebeian	3
spellbound	3
solemnly	3
bravura	3
authentic	3
stab	3
delicacy	3
utilise	3
pastoral	3
balcony	3
departure	3
apprehensive	3
stanza	3
cunning	3
byzantine	3
portsmouth	3
peck	3
cemetery	3
clumsy	3
unforgettable	3
delta	3
flee	3
investments	3
trolley	3
jaw	3
reassurance	3
spate	3
grotesque	3
tussle	3
spinal	3
dissociate	3
skilfully	3
severely	3
revised	3
kremlin	3
arab	3
behest	3
disband	3
embankment	3
speedy	3
feat	3
dissipate	3
sainthood	3
pizarro	3
dispel	3
halles	3
organised	3
statesman	3
momentarily	3
ensemble	3
chat	3
fog	3
charming	3
colombia	3
tibet	3
diplomacy	3
earthy	3
hood	3
hugo	3
characteristically	3
goalkeeper	3
gm	3
truck	3
eta	3
killing	3
vietnamese	3
peoples	3
sen	3
sierra	3
propriety	3
bald	3
consultancy	3
illicit	3
spinner	3
unequal	3
oddly	3
analytical	3
malaysia	3
circuitry	3
ironman	3
medics	3
bastard	3
cloister	3
pater	3
aesthete	3
wilde	3
leonardo	3
romanesque	3
opaque	3
contemplation	3
parisian	3
transparent	3
vibrant	3
magical	3
proliferate	3
mortal	3
solemn	3
evaporate	3
ascetic	3
pubs	3
richardson	3
identikit	3
steakhouse	3
theft	3
karate	3
inhabitant	3
planet	3
challenger	3
avail	3
ascend	3
pertinent	3
tread	3
amiss	3
mundane	3
turgenev	3
episode	3
cornered	3
perverse	3
proton	3
particle	3
molecule	3
kennedy	3
cruelly	3
labyrinthine	3
muddy	3
rucksack	3
semitic	3
gentile	3
unintelligent	3
uncharitable	3
untrue	3
rainbow	3
ubiquitous	3
vent	3
progression	3
splendour	3
delineate	3
viola	3
patiently	3
iv	3
percussionist	3
uncanny	3
exude	3
didactic	3
interminable	3
punt	3
knowledgeable	3
accomplish	3
stuttgart	3
beaverbrook	3
marble	3
judith	3
auspice	3
sausage	3
dreary	3
ardent	3
apology	3
exacerbate	3
grievance	3
things	3
shrine	3
bearing	3
imminent	3
stifle	3
policyholder	3
brazilian	3
smolensk	3
sown	3
conspiracy	3
situate	3
gratify	3
ecumenical	3
amsterdam	3
buzz	3
years	3
jam	3
kids	3
economically	3
orbit	3
nationalise	3
boss	3
nairobi	3
sooner	3
imaginative	3
si	3
chagrin	3
racial	3
orthodox	3
fume	3
pall	3
subcontinent	3
interpreter	3
ambulance	3
assembled	3
countless	3
rusty	3
afresh	3
penal	3
meticulous	3
sterile	3
magnet	3
leach	3
salmon	3
dusty	3
tonne	3
dioxide	3
disrupt	3
flatter	3
dearly	3
horrify	3
ignorant	3
defection	3
racism	3
stylised	3
downgrade	3
riverside	3
mar	3
persist	3
deutschland	3
microwave	3
marconi	3
vessel	3
17th	3
polar	3
supervisor	3
cane	3
skinhead	3
ski	3
banner	3
muslim	3
confide	3
censure	3
emphatic	3
allocation	3
inflexible	3
underestimate	3
countess	3
crook	3
ghetto	3
acclaim	3
associates	3
redress	3
shin	3
tempo	3
applaud	3
albion	3
blake	3
benjamin	3
emanate	3
libretto	3
irrelevance	3
throb	3
independently	3
karsavina	3
virtuoso	3
cran	3
hamlet	3
othello	3
nuance	3
chopin	3
separately	3
alignment	3
troupe	3
grandeur	3
aristocratic	3
highland	3
subtly	3
pleas	3
classification	3
exponent	3
theorise	3
cleverness	3
locals	3
evict	3
excise	3
rustic	3
champagne	3
sediment	3
humble	3
serf	3
oppress	3
mockingly	3
prowess	3
consumerism	3
given	3
selector	3
demeanour	3
discomfort	3
rodin	3
worthless	3
slack	3
hooke	3
dubious	3
barb	3
insignificant	3
superficially	3
reasons	3
shatter	3
overlap	3
fa	3
confirmation	3
fixture	3
guaranteed	3
aspic	3
decadence	3
amplification	3
sentimentality	3
laid	3
cripple	3
lurid	3
horn	3
python	3
viewing	3
seriousness	3
compel	3
orphic	3
orpheus	3
achievable	3
reformer	3
perestroika	3
courtyard	3
buddy	3
klein	3
fare	3
fm	3
painless	3
fourteenth	3
tensions	3
compensate	3
cutting	3
satirical	3
immune	3
discourage	3
concurrence	3
told	3
soup	3
holocaust	3
leningrad	3
lowly	3
worm	3
schiller	3
dawson	3
gardens	3
wider	3
boycott	3
omit	3
consensual	3
approximate	3
random	3
intermediate	3
tumble	3
proletariat	3
gee	3
liberalism	3
sermon	3
disapprove	3
muddle	3
lincoln	3
charitable	3
inland	3
moonlight	3
commerce	3
financier	3
consultant	3
nostalgically	3
buffet	3
knot	3
beforehand	3
subdivision	3
denigration	3
deride	3
coward	3
sweat	3
nostril	3
swell	3
swirl	3
milky	3
landlady	3
redesign	3
template	3
burial	3
voucher	3
showroom	3
disadvantage	3
savings	3
instruct	3
breaks	3
talleyrand	3
inferno	3
activate	3
buyout	3
quoted	3
publicly	3
willis	3
connolly	3
calmer	3
prudence	3
existent	3
misunderstanding	3
nickname	3
outspoken	3
fractious	3
enforceable	3
gloom	3
spokeswoman	3
transit	3
masthead	3
outright	3
tribal	3
incur	3
hugely	3
profitability	3
bonds	3
inducement	3
offering	3
underwriter	3
vindicate	3
privatise	3
chancery	3
cornish	3
min	3
shower	3
schoolchild	3
legality	3
logo	3
harass	3
digitise	3
foresee	3
scout	3
granada	3
archaeologist	3
caribbean	3
discretionary	3
57	3
provider	3
franc	3
gloucestershire	3
ruth	3
jeep	3
caravan	3
camouflage	3
shelling	3
secluded	3
proximity	3
vigilance	3
worn	3
mine	3
moan	3
frenchman	3
fork	3
farmhouse	3
northampton	3
staid	3
heating	3
mansion	3
stimulate	3
overlay	3
ventriloquist	3
metempsychosis	3
realization	3
buddhist	3
erect	3
canyon	3
grove	3
weir	3
serial	3
ritz	3
cashier	3
highway	3
dive	3
m3	3
appreciation	3
malign	3
aerospace	3
perfume	3
eden	3
angler	3
chub	3
feeder	3
gudgeon	3
walton	3
mick	3
cancellation	3
glacier	3
melt	3
anguish	3
stockholm	3
arctic	3
canoe	3
crackle	3
ominously	3
lapp	3
leading	3
crab	3
10th	3
biz	3
vegetable	3
patron	3
scruple	3
bourgeois	3
speculate	3
unreal	3
dissolution	3
arguable	3
conservationist	3
petal	3
preservation	3
ambivalent	3
microscope	3
tantamount	3
thompson	3
vanguard	3
postgraduate	3
memo	3
informed	3
withhold	3
marker	3
absorbent	3
individualizing	3
numeral	3
dichotomy	3
fruitful	3
finesse	3
veneer	3
optional	3
petroleum	3
happily	3
alpine	3
stamina	3
shred	3
temperament	3
canine	3
physicist	3
cumulative	3
millionth	3
slot	3
sensor	3
doctorate	3
idiosyncratic	3
generic	3
enroll	3
attainment	3
uneasy	3
oppression	3
supremely	3
windy	3
turner	3
pluralism	3
arbiter	3
seller	3
argentina	3
breakthrough	3
ingenuity	3
sorbonne	3
armenia	3
mover	3
miracle	3
autonomy	3
forestry	3
mandatory	3
yell	3
waver	3
photographic	3
anomaly	3
struck	3
oratorio	3
consciously	3
71	3
familiarity	3
technician	3
categorize	3
agrarian	3
sutherland	3
conscientious	3
mobilize	3
cite	3
vis	3
canterbury	3
liberalization	3
rethink	3
camaraderie	3
tanzanian	3
detainee	3
kenya	3
span	3
periodically	3
hectare	3
rebuke	3
stationary	3
kinship	3
minimize	3
strut	3
adjustable	3
concerted	3
electrically	3
gritty	3
drawback	3
wayward	3
orientation	3
birds	3
alertness	3
mimic	3
cadet	3
tradesman	3
chimney	3
penny	3
convincingly	3
ferocity	3
sewage	3
examiner	3
practicality	3
gem	3
fertile	3
inexpensive	3
contender	3
concurrent	3
saga	3
strategic	3
settler	3
internationally	3
array	3
transmitter	3
punjab	3
maritime	3
admiralty	3
napoleonic	3
propound	3
procure	3
offender	3
wreck	3
corpus	3
dictionary	3
baudelaire	3
discontent	3
teheran	3
medley	3
fetch	3
intuitive	3
sadden	3
turin	3
restraint	3
inference	3
compendium	3
sour	3
cuisine	3
lotus	3
distributor	3
villain	3
speke	3
retrospect	3
bitch	3
downwind	3
advisable	3
graphic	3
custody	3
classify	3
semantic	3
uniformed	3
cid	3
pragmatism	3
hake	3
conurbation	3
supposedly	3
cognisant	3
internally	3
dulcimer	3
repay	3
applicable	3
170	3
electrification	3
reuse	3
trailer	3
dc	3
pastime	3
specialised	3
log	3
rightful	3
marked	3
timeless	3
polarity	3
converter	3
endeavour	3
actuality	3
blithely	3
overlooks	3
righteousness	3
swathe	3
deterrent	3
marketing	3
gallon	3
docker	3
racer	3
belgium	3
quota	3
jimmy	3
77	3
debacle	3
totalitarian	3
unbreakable	3
rocks	3
hideous	3
disastrous	3
slogan	3
dread	3
disarray	3
pence	3
swede	3
albania	3
timothy	3
quirky	3
payable	3
66	3
marketer	3
overpower	3
impersonal	3
unpredictable	3
105	3
plank	3
sr	3
directory	3
homelessness	3
chronology	3
fresco	3
troublesome	3
extended	3
keystone	3
enact	3
integral	3
aeneid	3
fore	3
receptionist	3
basement	3
teenage	3
nihilist	3
masterly	3
vocational	3
downright	3
erupt	3
pedagogy	3
execute	3
presley	3
imitate	3
dissatisfy	3
dome	3
nameplate	3
solder	3
workbench	3
shank	3
mow	3
velcro	3
ref	3
prelude	3
rob	3
identification	3
ni	3
manual	3
acceleration	3
alienation	3
fret	3
publishing	3
commodore	3
middleman	3
nazi	3
hardware	3
oboe	3
oboist	3
suite	3
cyborg	3
unusable	3
bates	3
oily	3
clad	3
unimportant	3
wrapper	3
sulphide	3
immerse	3
kylie	3
grape	3
rhine	3
overwhelmingly	3
strauss	3
il	3
paintbrush	3
computing	3
calcite	3
fossil	3
trucks	3
rad	3
erasable	3
erase	3
cultivator	3
harrow	3
consolidate	3
cultivation	3
aa	3
diabetic	3
mortality	3
johnny	3
collaborator	3
coincident	3
eleven	3
projector	3
correction	3
archivist	3
suffice	3
afterward	3
metallic	3
eschew	3
trades	3
operatic	3
displace	3
53	3
scroll	3
bike	3
th	3
caption	3
enlargement	3
tantric	3
periodic	3
fuss	3
mischief	3
envy	3
despise	3
symbolize	3
purify	3
sift	3
avid	3
nominalism	3
ct	3
unveiling	3
renown	3
strongest	3
broaden	3
refurbish	3
haven	3
seedless	3
kafka	3
reversible	3
galaxy	3
fractal	3
graphical	3
halo	3
dither	3
monochrome	3
addressable	3
ascii	3
hex	3
earl	3
veterinary	3
warhol	3
cork	3
briefing	3
trump	3
resentment	3
rotten	3
hokusai	3
spider	3
soap	3
softer	3
bidder	3
miro	3
teen	3
hangar	3
portrayal	3
renovate	3
michelangelo	3
krasner	3
kandinsky	3
auctioneer	3
gossip	3
photographer	3
mentor	3
der	3
phantasmagorical	3
kindly	3
hindsight	3
pm	3
quid	3
dwindle	3
frontage	3
outbuilding	3
recreate	3
ting	3
apologetic	3
secrets	3
sip	3
mistook	3
vaux	3
scold	3
stencil	3
gamma	3
assimilation	3
inflow	3
fabrics	3
blasphemy	3
undisciplined	3
inimical	3
tactically	3
backtrack	3
originality	3
restart	3
raiser	3
reviewer	3
mockery	3
retailer	3
parents	3
switzerland	3
signatory	3
eggs	3
canetti	3
wallet	3
mete	3
ascertain	3
brutal	3
psychiatrist	3
misery	3
probation	3
trench	3
tunisian	3
albanian	3
probity	3
hepburn	3
strengthening	3
dissertation	3
bookstore	3
premature	3
daw	3
iroquois	3
inappropriate	3
diana	3
franchise	3
mitterrand	3
chic	3
beneficiary	3
whale	3
fascism	3
congenial	3
sinner	3
injurious	3
unchanged	3
korchnoi	3
negate	3
wart	3
dean	3
motto	3
blush	3
mediterranean	3
swarm	3
ridiculous	3
gravestone	3
incised	3
overcoat	3
refuge	3
mahogany	3
slurry	3
truman	3
combustion	3
cladding	3
diet	3
biographical	3
hi	3
siphon	3
graph	3
lightweight	3
delicately	3
rehabilitate	3
verify	3
affidavit	3
extinguish	3
sabotage	3
lifestyle	3
casino	3
tissue	3
stationery	3
duplicator	3
destination	3
cupboard	3
bankruptcy	3
inflame	3
convulse	3
uta	3
repeated	3
budapest	3
domain	3
victories	3
stokes	3
antagonism	3
convent	3
devon	3
apprehend	3
painted	3
piss	3
stella	3
inquisitive	3
jonah	3
nominate	3
fourth	3
keynote	3
veteran	3
incompetent	3
redemption	3
aides	3
convolute	3
pollster	3
fillip	3
submarine	3
q	3
wheeling	3
articles	3
berry	3
goodwill	3
flap	3
turbulent	3
filler	3
biology	3
unequivocal	3
fridge	3
talbot	3
fell	3
senator	3
supercomputer	3
vendor	3
tremendous	3
couch	3
regulations	3
riddle	3
shooter	3
estuary	3
lough	3
panamanian	3
mollusc	3
cairn	3
intact	3
loch	3
rip	3
iraqi	3
kahn	3
howl	3
foal	3
scaup	3
bangladesh	3
donkey	3
devonshire	3
windblown	3
heron	3
squatter	3
bragg	3
distaff	3
holly	3
beetle	3
ada	3
parks	3
tramway	3
coleridge	3
whitehorse	3
adolescent	3
braque	3
interpretive	3
lermontov	3
quantitative	3
neural	3
externality	3
beerbohm	3
messiah	3
shanghai	3
beowulf	3