unfairly	66
aldrin	17
trimmed	24
fay	103
roomful	28
monotony	43
appeals	51
ul	21
maelstrom	27
rectum	18
intermingle	16
565	22
downpour	48
deke	64
distillation	24
invalidate	34
safeguarde	18
centerpiece	81
humanistic	41
stronghold	92
impractical	57
cubic	100
1.25	37
harsher	42
orbiter	21
genocide	55
neurosurgeon	23
wak	22
saudis	47
lyric	66
morphology	17
otherness	16
ahold	19
xiii	40
disobedience	55
guyana	18
griswold	62
cation	21
passions	24
going	63
imelda	32
campy	16
abrogate	22
hungrily	42
derisive	62
quint	18
keat	109
norfolk	88
relational	15
shooting	51
anxiousle	38
employou	19
ortiz	18
undy	22
ei	20
esophagus	16
weightless	47
inadmissible	18
obelisk	23
tablecloth	104
expedient	66
-2	16
sunbeam	31
politburo	28
overseas	59
koran	44
revised	76
restful	44
chaire	23
redundant	43
peaceable	39
southerly	14
schism	36
coco	19
gershwin	33
invocation	37
deflation	16
adaptable	44
alum	22
reformation	98
drilling	21
inflexible	53
ornithologist	17
heroe	21
normalize	25
papua	16
penal	67
scraper	31
ticker	37
sweetener	28
steadiness	19
littnorthe	43
sequitur	19
receivership	16
middlesex	16
expo	67
fawcett	15
tactfully	28
undeter	17
glossary	14
kale	45
demote	28
programmed	19
harlot	24
debase	38
fishing	36
manuals	57
belfry	17
twisting	47
grumman	21
intensification	22
rangeland	17
tuberculosis	76
pronge	21
buckboard	19
idolatry	22
bohemian	55
bangkok	57
aegis	23
1791	21
padd	50
redemption	98
523	17
stacks	35
dowd	35
jeannine	15
avatar	22
barron	27
sooty	33
agin	17
brevity	22
af	34
fullerton	15
dacha	21
resupply	18
trumpeter	28
involuntary	97
pained	37
secondly	78
mojave	22
blay	36
hayworth	22
len	50
develops	21
capitalization	21
twiddle	18
tig	31
sud	27
khakis	23
flipper	37
seedy	58
unethical	45
abelard	15
highlander	34
induction	72
spright	16
positivism	14
groundwork	52
beaker	25
saucy	27
304	47
panoply	22
snout	100
menacingly	29
tanner	87
trekk	33
internally	71
katharine	41
fixin	16
purify	79
foremost	90
mischievous	69
291	34
wringe	58
fanciful	73
democratically	24
legality	51
resigned	49
vis	97
nothingness	52
confederacy	52
encampment	62
cusse	17
klansman	18
furlong	14
misunderstood	48
thurman	35
souls	16
434	15
goodyear	32
monte	83
manley	32
syringe	85
inhibition	65
bradford	96
sim	89
caldwell	85
315	49
gatekeeper	15
angstrom	16
poems	67
wont	62
wanda	106
fourteenth	57
fiftee	37
fiefdom	19
verbalize	15
ammonium	53
muttering	21
westminster	105
superficially	39
gallo	44
sinatra	111
uppermuch	22
stomachs	27
quiete	87
flooding	32
hesburgh	15
centr	16
kinney	41
bosses	39
dobb	15
prenatal	29
federally	96
tully	30
cervical	33
newhouse	30
infertility	50
rankin	24
shawnee	26
rudolf	49
kelvin	21
ineligible	32
backstage	99
selle	90
detente	24
doings	50
solidify	59
complacently	17
tudor	81
adamson	17
finally	31
unparalleled	31
panorama	63
swinge	90
helium	71
1788	19
wyeth	27
resold	14
mahal	23
confucian	30
heard	75
solicitation	30
transfusion	53
mantra	73
fleshy	86
buren	27
altruism	23
bonner	44
shutt	94
unprepossesse	15
1912	107
mascara	31
revere	68
connote	22
summe	24
leavenworth	17
sectarian	41
patriarchal	41
arthritic	24
congratulat	31
modernize	77
woodwork	82
existential	60
matriarch	32
busi	62
lingo	38
shale	55
pathetically	33
conceptually	16
grayness	18
astern	19
lech	24
gretel	22
farley	57
confucius	19
feng	44
amalgam	37
drawback	98
sprinkling	30
overloade	25
emboss	38
fete	17
dislodge	74
costello	51
standardize	92
beaded	29
purgatory	31
hyde	110
shiftless	19
dictat	37
jitter	48
hackett	50
determinism	26
slough	52
premeditate	23
mem	22
flate	32
laborious	36
wriggl	34
hilda	42
atrocity	95
torque	26
recuperat	22
3.1	34
infernal	34
alta	30
relapse	34
wrongful	19
unzip	45
gunfire	104
tiredness	28
des	42
crock	44
isaacson	41
vin	25
lovin	17
responde	47
morass	27
catastroph	29
px	16
guatemalan	34
roose	17
wilma	38
molecular	95
halleck	15
1884	37
wagge	35
scrunch	34
ahab	15
cleft	65
206	100
stylistic	43
marcy	16
straggl	16
gleason	53
rearview	69
roulette	42
fullback	37
mime	63
yowl	23
visage	33
fluttere	55
largesse	29
429	18
cynicism	97
635	15
farmhand	15
headband	38
petersen	28
drank	46
claiborne	59
suitor	79
hatchet	65
mandarin	66
huntley	14
abbie	51
cai	48
bleeding	58
purposefully	49
westmoreland	35
dirksen	15
beowulf	30
abdel	27
riotous	34
movable	48
thankfully	23
sleazy	49
forehand	16
rudi	23
shrunk	83
nib	17
cayenne	23
anymuch	27
spac	27
alla	20
chelsea	69
curtly	54
manicure	33
cabaret	50
masquerade	37
judiciously	26
grandstand	52
unmarked	60
nottingham	14
sle	29
counsele	17
hypocrite	45
lame	111
juncture	60
warran	70
attended	28
cornelia	32
cb	77
academium	17
daytona	28
barrow	52
craving	39
dissolf	39
hemorrhage	54
humore	30
courtney	57
defuse	51
loon	53
semantic	50
wilton	24
malt	34
underclass	22
contested	25
varsity	60
destructiveness	16
capone	22
jennings	100
396	21
vagrant	38
reproach	102
lair	43
vick	19
multipurpose	15
akron	49
levis	16
saxophone	38
janie	46
jeremiah	45
bubba	23
regalium	25
encumber	24
needy	96
stricture	33
melissa	87
transference	19
dateline	18
legionnaire	15
stirrup	48
sensuous	79
hiker	38
unimpress	41
dogs	67
laughingly	22
maudlin	25
devon	72
oblong	42
outdistance	15
greyhound	65
byproduct	36
lectern	55
artless	16
odysseus	19
galena	14
changed	53
impolite	15
inconclusive	46
lyin	22
vulture	86
steely	50
allot	68
incision	42
electrically	34
catskill	30
protagonist	100
hick	80
eultimat	15
subconsciously	20
cutting	29
shoestr	15
windfall	59
haggle	32
gullible	35
names	25
noncompliance	16
delirious	44
dior	20
softness	87
brendan	26
specifics	77
perceptive	74
superimpose	56
deerfield	16
bagel	54
jagger	27
tranquility	35
appellate	67
staffordshire	16
esoteric	50
placing	21
financier	58
polio	83
462	20
whiff	83
valet	73
seasonally	22
rewrote	18
unight	35
haganah	17
tine	50
paradoxically	63
marsupial	16
twinkle	77
privateer	16
tania	48
jurisprudence	21
sticks	64
discoloration	15
mush	53
boater	25
steroid	78
celestial	104
ramrod	26
lodging	35
leavin	22
resourceful	59
acknowledged	38
invasive	14
albee	18
bigwig	17
uranus	40
estimates	18
hulk	74
dressing	59
marmalade	36
quayle	22
abundantly	37
mortally	29
revamped	17
diffraction	19
grope	40
anaheim	40
610	24
strongest	65
swarthy	41
folksy	28
sportsman	59
seine	51
unassailable	27
990	25
somatic	28
cosa	22
unheate	14
antwerp	20
decadence	37
fateful	70
talon	58
stewardship	32
glo	17
plebiscite	29
noncom	25
anesthetize	20
reenact	17
497	14
442	16
mackie	16
noonday	32
ritter	14
interceptor	18
stagehand	18
saratoga	40
343	29
oils	17
obstetrics	22
mcclellan	75
grumbl	57
homey	44
mackenzie	69
winnow	20
reginald	54
extraterrestrial	40
dictum	35
mattere	47
leaps	18
immemorial	16
7.3	22
suh	23
hypothese	80
coworker	31
filibuster	42
playin	30
harmonic	34
siam	19
prevalence	43
sampler	25
visitation	55
dunn	105
kaddish	17
corrosive	37
boggl	20
ripley	30
helens	15
spun	62
weathere	26
blindfold	61
ladd	42
sliver	86
quasar	59
chatham	25
acerbic	16
unrelat	21
susannah	56
profusely	41
jangle	67
governe	22
nestor	90
pocketbook	76
ssoldie	48
rates	23
reticence	40
solace	72
aprons	32
gestation	27
playpen	21
mic	15
blocker	22
ordain	79
debauchery	15
unesco	35
unlocks	16
surrey	21
hugely	50
derivation	28
portia	19
adjournment	20
airless	28
debacle	81
contraption	52
ymca	32
epicenter	14
naivete	36
abat	32
overheat	78
meteor	63
pops	31
elie	16
redevelopment	40
insecticide	44
laurent	48
mango	36
tak	96
oo	59
adroitly	22
punt	55
colfax	29
sapphire	52
nader	62
leathery	68
slander	56
guffaw	55
godforsaken	19
rustic	84
camille	41
mothball	19
fran	108
optimist	61
outflow	32
stasis	20
mendel	22
yearning	102
chilean	87
bodega	17
950	41
sto	83
conflagration	27
rapture	83
discounter	14
patchy	23
workbench	47
quantitative	86
triplet	17
sirens	14
servile	23
angl	63
universality	31
wayward	49
belie	18
ephraim	35
nast	17
ze	30
innovator	40
periscope	25
boll	37
tinsel	29
interloper	25
torchlight	33
laissez	48
391	24
cortical	15
extoll	42
outgrow	48
protean	16
mystics	27
cede	18
gaseous	34
inquisitive	51
antarctic	83
colleen	26
cotta	24
1857	32
troublemaker	67
agamemnon	17
broke	44
reenter	45
medley	56
headway	40
mutt	36
chiang	58
modesty	95
suspected	57
swapp	28
pluto	28
elias	14
riser	25
anarchic	20
ao	37
fired	54
metaphysical	96
1843	23
maxine	29
subjugate	17
parity	63
alexei	27
tot	82
consiste	30
kinetic	44
461	16
sussex	29
cantina	18
rar	18
machete	52
wispy	52
hyena	41
castor	24
mckay	58
ka	56
mayou	24
306	31
dogged	38
venison	33
reunification	52
guided	31
multimillionaire	30
flatly	27
nadir	17
palisade	61
gentlemanly	27
rogue	86
pretoria	19
ergo	18
malefactor	15
participatory	26
journeyman	22
fledgl	18
tedium	32
lister	20
viewe	59
metabolic	59
barmaid	16
officious	19
deploying	28
electrolyte	26
inculcate	15
lunche	36
abortionist	15
recourse	75
insufferable	24
snail	88
depositor	35
waive	65
letterhead	20
spiegel	16
bethesda	75
territories	34
fido	15
carotene	20
curd	22
aborigine	27
enid	24
unfathomable	34
saab	30
rend	24
layou	21
moyer	19
insanity	111
palermo	24
684	16
508	21
suffering	49
finesse	50
smallest	17
decimate	38
concubine	33
unbridled	27
itchy	28
shelby	59
trustworthy	57
1892	51
flashy	80
promiscuity	23
ruiz	38
differential	70
stee	26
227	68
1824	25
baba	64
boycot	25
fainter	38
jasmine	37
reptilian	29
larva	31
bullfighter	14
indulgently	17
astronauts	21
jeanne	85
mayan	19
lumbar	16
remuneration	14
excavate	33
porte	18
vassal	23
fictitious	48
favoure	19
unwelcome	70
167	99
harre	65
dogfight	20
shrugs	38
kerr	53
rollback	18
demonstrable	41
shipyard	61
humanoid	36
occupancy	56
winchester	71
fatherly	24
manif	61
silky	81
unsmil	15
underprivileged	19
potentate	19
conscript	38
belligerence	22
earnestness	23
more	79
hyper	53
fruitful	63
commandment	85
cathode	19
sobserve	108
lute	90
tiffany	71
joyless	19
whitehall	32
sled	77
scarcity	75
unmet	14
procure	53
delude	42
brodie	18
obstetrician	49
doubtfully	58
druid	20
allah	72
filth	81
morsel	53
bedd	58
whereupon	106
pressing	83
certification	98
calme	16
potion	52
reunit	55
preventive	102
inadequacy	83
overcharge	31
dirigible	15
individualize	30
sampson	34
unilaterally	35
reproachful	32
circuitous	18
cran	71
informality	23
gilligan	22
reactivate	17
foxy	58
pence	26
communicative	23
surreal	52
bauhaus	15
deare	53
heidelberg	16
breakwater	19
irreplaceable	30
purchas	52
worshipp	16
brahmin	25
nugget	68
heathen	65
bromide	16
pillowcase	23
skimp	16
quotient	16
constan	31
mony	56
attacke	43
limply	43
frieze	23
lh	18
admissible	14
levinson	14
gallbladder	17
boorish	16
tracer	25
459	14
underbrush	66
priesthood	56
buildings	15
futility	83
ruminant	18
alvarez	43
beseech	37
chapman	80
egraduat	29
deepest	24
hypertension	53
conqueror	69
mcnamara	83
hoary	15
antecedent	35
chou	34
pleistocene	20
precedence	54
hock	38
theologian	111
cosby	51
whitish	23
auburn	99
dunlap	20
sarge	25
nicaragua	84
embolden	38
payable	31
duffy	65
leningrad	63
pharisee	19
920	17
quigley	26
bode	16
brennan	77
analyzer	16
secrete	26
accompli	18
239	70
conjur	19
bam	19
naturalistic	28
bedspread	67
fruight	27
rutger	52
equatorial	44
joined	33
inseparable	61
virulence	16
aaa	25
cauliflower	23
dealing	22
thorny	54
ardently	22
tann	22
transformer	28
3.5	107
robeson	17
buzzer	75
thc	17
bedeck	21
antioch	34
stanch	23
weighty	57
forceps	16
peevish	27
mundane	87
acquiescence	43
pickpocket	24
busload	16
raffle	19
477	17
fleming	34
-1	34
misinform	14
powdery	34
fermentation	30
cancell	42
goade	29
