extricat	6
branford	3
grosvenor	13
mathematic	9
limpet	6
shtick	8
vandyke	8
unfilter	11
nymphet	4
procreative	6
barbera	6
sunbather	8
educators	12
hyphen	5
friendliest	5
appurtenance	8
turboprop	7
detou	6
graciousness	13
fou	4
kith	5
edmonds	11
reification	4
allus	6
tyrol	6
frankfort	12
hialeah	13
backwash	9
spartanburg	10
moneyman	10
mange	8
heisenberg	12
symmetrically	11
grunts	9
smorgasbord	12
industrywide	10
selflessness	8
participle	6
sullenness	7
sluggishness	11
dwindling	4
spellman	14
revelatory	8
austral	3
handgrip	4
hatless	14
meto	3
tamarisk	5
stabilizing	7
piccolo	12
artagnan	4
pd	8
bondholder	12
phenomenology	7
bap	5
vaudevillian	7
increasing	3
marla	9
waterside	9
reo	6
formalism	9
norwalk	11
bouillabaisse	9
25.5	5
coptic	7
boreali	5
outre	5
6600	4
injunctive	8
inmates	6
draped	7
queasiness	8
inclu	4
disappointed	6
purdy	11
halyard	13
sloven	7
guano	8
kean	10
catharine	6
633	9
humanely	11
amicus	5
inv	4
utopias	5
teleological	8
closes	8
recuperative	6
idler	10
glimmering	5
rosetta	6
hardtack	5
hoi	8
serialization	5
sandpiper	7
queensboro	4
tauntingly	3
hadda	12
raave	5
parolee	7
peekaboo	8
handsom	8
torte	12
handwork	5
nouvelle	13
10.00	4
kia	12
thew	5
riverway	4
cowbell	11
imbibe	8
libretto	8
849	7
glenview	6
stanislaus	5
hurdler	5
sssh	4
whosoever	7
blotto	3
hieroglyphic	5
1746	5
mingus	12
dexterously	4
chewed	13
crevass	11
kingdoms	4
staunchest	12
conyer	6
despay	10
garrote	7
snafu	9
archetypical	6
vibrato	6
piecrust	7
postcards	11
grumpily	10
mishandle	11
gest	13
22.8	4
interwove	4
chirico	7
lave	13
unusually	5
ohh	8
hangnail	9
massa	12
berra	10
unobservable	4
sponsors	8
reichstag	5
evansville	14
pilferage	4
belvedere	14
gittin	11
nanking	3
joyride	8
gato	12
incrimination	11
macauley	4
drucker	10
beaky	2
recaptur	11
mell	12
becomes	14
assimilat	13
givenchy	7
corre	5
kun	4
ribboned	2
1707	5
ministries	9
begrim	5
1733	3
slotted	7
thinkable	5
lifespan	12
briefs	9
overlarge	4
entrain	3
infan	6
londonderry	7
lindstrom	13
maladjustment	3
mariachi	10
inoperative	9
criminology	10
numbed	12
pointblank	3
sheathed	4
unask	7
arra	5
dutchmen	4
accidently	4
disputation	9
pretentiousness	5
undrinkable	2
hotb	13
dietz	10
subnormal	4
plopp	9
gnawing	4
psychical	6
malaya	10
hydroxyl	5
1.98	4
pubescent	8
sandstorm	12
intellectualize	8
poste	7
fifi	10
congruent	12
striptease	14
expeditious	7
1533	4
014	4
meddling	11
11.6	12
mornings	11
sycophant	12
wraithlike	4
scalding	12
wishy	6
tike	13
semiannual	10
stealer	12
airstream	10
regionally	13
pianoforte	7
egoistic	4
rosenwald	4
tarrytown	7
digitali	6
spillane	2
didi	11
ardmore	4
deprived	7
exhibitionist	12
ungovernable	11
ics	7
unconfirm	3
rated	12
swordsman	12
sophocles	8
estrus	12
spape	3
evader	7
tuchman	8
dreyer	4
follette	3
finagle	4
monahan	7
penury	11
stille	5
rhetorician	5
trom	5
straining	4
helmsley	8
~~install	3
ironwood	10
plasticize	4
shudd	9
mackay	6
1.35	7
footloose	12
strainer	10
overexpose	11
steepen	8
riderless	7
begat	12
email	8
longwood	9
primus	9
travelle	8
jun	5
arcturus	5
hypochondriac	11
cowles	5
toma	7
redhaired	4
johnstown	13
mylar	14
hopalong	4
1610	9
distemper	8
casually	6
unthinkingly	7
614	13
barra	4
konstantin	9
philanderer	9
brubeck	5
clung	6
midsentence	10
scowle	10
adventur	6
loops	3
xxiii	10
sodomite	4
sidesaddle	6
causative	8
lieder	9
bergerac	6
saltiness	3
downing	13
apse	6
jerald	3
elkhart	5
protrusion	13
piratical	7
704	9
placido	8
ridicul	10
spastically	3
paddling	5
retraction	14
burnoose	2
rel	9
lettie	3
drang	7
defilement	6
statist	6
condone	6
poconos	4
1492	11
vernal	10
poseidon	13
communally	7
dybbuk	6
recognized	6
earthlings	5
noot	4
moet	12
addresses	4
warbl	9
disinclin	12
homestretch	4
percentile	9
draining	5
slipstream	6
treasonous	10
precocity	6
631	12
macalester	4
flar	13
greatgrandfather	3
doore	3
gambia	10
reco	3
astounded	7
scrawled	7
hoh	4
undoing	10
maxie	5
cabs	10
alcorn	3
explaining	9
pounds	6
herding	3
soloe	3
hooch	12
malacca	5
bloodsucker	10
seedless	11
aerodynamics	11
haymarket	8
stagey	2
bridged	3
sideswipe	8
expresse	13
theatergoer	8
uncles	2
princesses	7
supports	7
munching	5
helping	12
1528	4
ploughshare	4
profe	9
tardiness	10
rankle	10
effervescent	13
distinctly	12
vieux	6
merriman	3
rigged	7
trustworthiness	10
jilted	5
fulminat	4
forecastle	7
luanda	13
962	10
boomerang	14
potable	8
dastardly	6
woodlot	8
var	10
wealthier	7
orestes	2
wrathful	13
tait	9
uninspired	11
ventriloquism	4
gonad	11
fortuitously	6
accompanist	12
acclamation	12
coauthor	13
dudgeon	5
kimonos	8
reliquary	8
wavery	8
shithead	11
strips	5
915	6
solicitously	13
penrose	12
readings	7
eightee	12
adjudicate	14
dizzyingly	6
tautly	12
rictus	7
eames	7
fronte	10
famished	5
moonstruck	6
cardamom	6
specke	5
ethnographer	6
billingsley	5
unwholesome	11
tailpipe	5
unaffiliate	8
insignificance	13
irvington	7
dreamboat	7
snider	10
lippy	3
pertinence	5
lodestar	3
juneau	11
gracefulness	3
gaiter	8
licit	6
mizzen	2
fredric	8
ganz	8
turbaned	6
chomsky	13
bouvy	4
kleine	3
burlingame	8
579	7
wroth	12
camouflaged	11
headrest	9
souk	7
woodcutter	9
ue	11
bicep	12
domestication	11
hemm	8
underpass	9
moxie	11
healthiest	10
temps	10
14.50	3
xl	10
sturm	7
lawlor	5
936	5
dusseldorf	8
omnivorous	10
typesetter	4
nucleate	3
capriciousness	6
monumentally	5
swirling	8
wexford	4
bushnell	11
stifled	11
bef	2
gymnastic	10
watering	11
coltrane	6
mononucleosis	8
urdu	7
exploite	6
robs	5
nailed	5
1608	5
nunez	9
waave	6
eurasia	10
weatherproof	6
univer	10
advisors	8
nly	3
noncommital	3
foss	8
fanciest	3
beautification	11
754	5
minot	7
humanitarianism	9
microgram	5
shelle	9
atlantan	12
heli	8
2600	10
making	8
kea	8
unspar	10
scamp	11
hennessey	11
hazzard	4
blessedness	6
prudery	5
roosevelts	6
rorschach	13
focusse	2
watchfully	4
kodachrome	5
heep	4
thcentury	7
interpretative	9
submariner	6
rips	6
misidentify	4
delimit	12
glasswork	3
1.26	3
dodi	9
contai	5
officialdom	9
sounde	10
mosely	11
engle	8
cryptography	8
grata	10
martino	5
admonitory	5
unfeele	9
atherton	5
mandalay	6
spandex	8
midw	13
freeport	11
snarls	6
mains	14
beneficence	8
ingall	9
falconry	4
levant	11
complainer	8
lucki	13
sargasso	7
angularity	4
multilevel	9
backache	6
taxpay	6
fauve	4
1697	4
premed	4
freiburg	3
eiderdown	6
dyck	12
derailed	3
nettlesome	4
1480	6
selfsame	9
booz	4
greengrocer	6
shirtsleeve	8
triplex	4
schenk	5
industriousness	6
locat	7
bache	13
bennington	12
bandolier	8
smalley	8
iamb	4
ravenswood	6
transformed	13
squinch	12
sharps	3
bic	11
synchrotron	4
exchanger	11
inhaled	4
anchors	3
discolor	6
uninjure	7
harebrained	6
disinter	11
urbanity	7
bopper	12
speller	5
orate	5
authorizing	7
622	11
birdcage	12
lubrication	14
burch	13
headlamp	11
wilkerson	8
thundercloud	9
hooter	6
prepubescent	6
sousa	9
confucianism	5
cigarettes	8
eunfortunat	7
inelastic	8
sacristy	8
evilly	6
craftily	7
cocker	13
standpoind	9
shaheen	11
imbib	9
17.4	5
chintzy	7
plutocracy	5
yarmouth	4
halliday	7
brueghel	5
chatsworth	5
overwhelmed	11
crayfish	11
neckpiece	3
aglitter	3
dueling	3
kenton	6
scythian	11
gasse	7
gantlet	8
balmoral	7
andrews	11
rooter	7
angell	12
wilfred	13
rebutton	3
moray	5
astarte	4
cunard	9
featherb	5
capricorn	11
fusty	7
slimness	3
tyndall	3
battling	3
crampon	7
sounded	9
tendere	8
cheesy	13
2800	9
rhome	3
caree	6
dialectics	12
verna	5
dykes	12
vide	11
courtliness	5
flicks	8
nullification	6
sewerage	5
mandible	14
etre	13
befuddlement	5
dermatology	13
proudest	4
lyrically	6
cannibalistic	6
vanishing	6
adjudication	11
quinine	14
hallucinogen	8
interests	12
ferent	9
remak	14
watchword	10
enfranchise	5
untemper	3
linguine	6
unbounded	12
riven	7
logbook	9
isay	3
internationalization	8
glace	7
dicks	13
cotillion	7
erhard	8
crepuscular	3
mummer	8
harland	5
tapper	5
depet	5
circumspection	8
whimsically	13
schnauzer	9
paterno	9
ooooh	6
663	8
org	6
nudie	5
mocks	7
yoruba	9
antsy	7
antiestablishment	4
firebomb	11
sleeved	6
peachtree	8
laxity	11
infinitude	2
exbe	8
rhone	10
concisely	8
glamorize	8
laudanum	7
crankshaft	10
undergrad	6
codpiece	2
overrul	7
abyssinian	5
lefthand	11
riparian	4
mayfair	14
entreate	7
aerie	11
cutaway	13
giggly	10
astuteness	3
pensione	6
cannot	4
permian	8
cheapen	13
opene	7
thorazine	7
rickie	3
renegotiat	5
equidistant	9
eridani	4
pusan	6
vesuvius	9
pinup	10
easiness	3
logjam	8
fet	13
mcgeorge	9
shopgirl	8
shellac	9
pitchman	12
radioman	10
candi	7
yorkville	7
004	6
averted	12
pullet	8
nipper	7
foreshorten	14
dejected	11
clothespin	12
jackhammer	13
quivering	8
ammon	8
dishevell	5
unpremeditate	2
godiva	5
repudiat	9
nashua	10
gratuitously	12
modesto	7
disconnection	10
glens	12
beatifically	5
sharpening	3
handwoven	8
mistah	6
compan	5
johan	11
montpelier	5
maggiore	4
odoriferous	3
earthwork	12
sadistically	2
strove	14
lewisburg	8
astral	12
weis	8
ganglium	7
vellum	12
inaccurately	9
genuineness	10
nonfatal	3
millennia	7
mfg	4
waycross	2
billowy	8
wheels	6
fyodor	4
querulously	4
tf	9
lagos	5
cesium	8
hotelier	4
zither	3
battering	9
metalworker	5
harmonics	11
anheuser	14
constants	6
858	8
abou	4
embezzle	8
joviality	8
galahad	5
fallback	8
patrimony	10
buoyantly	6
mannheim	13
voluptuary	3
memphe	11
lipscomb	5
hg	6
ventriloquist	11
maddening	3
establishe	6
paparazzi	8
1646	2
crumbling	5
chteau	4
coitus	8
chanting	4
grist	14
borderland	10
toed	5
procrastinat	7
hellenism	4
unerringly	12
snazzy	13
playact	6
compartmentalize	13
hazily	4
podge	4
galvanic	9
rouged	7
scuffl	12
sparkly	5
flotation	10
renard	9
breadline	5
cert	10
mump	11
848	10
avocation	13
grudgingly	6
adoringly	6
knell	14
cartload	4
angelenos	9
pomme	4
unmoved	5
hardle	5
schaumburg	9
sauterne	3
waiting	12
montparnasse	6
attentions	8
dabbl	12
doncha	6
erodes	3
015	5
universally	3
romulus	7
sall	3
confi	6
premix	3
rouen	11
paraphernalia	4
antediluvian	6
supercharged	5
imposter	13
temporally	4
reportedly	7
malinger	8
gastroenteritis	8
merrier	7
slumped	6
discreditable	4
eckhardt	8
exhumation	5
pollinate	8
ahhhh	8
prentiss	8
jehoshaphat	4
tallie	3
youthfulness	9
porky	13
comme	11
flourished	3
defendan	4
hollowness	12
45.5	3
hayfield	7
rumi	4
galumph	4
punctuality	14
2.65	3
multiplie	5
gorgon	13
dooryard	6
sone	5
cemeteries	10
jangling	3
deadhead	5
inna	6
reveals	10
cushiony	6
tithes	13
grossness	8
berserker	4
dewar	6
1689	6
disgracefully	5
thu	8
objectively	11
aflutter	5
klieg	7
squalle	5
pulling	10
suburbia	4
conor	13
incompletely	6
blasting	11
bole	12
aways	4
stereotyp	14
factually	13
coaxing	8
owlish	11
ducat	8
1564	8
conqu	4
shen	12
husbands	9
misdirection	12
ohm	6
096	3
viaduct	9
whiny	10
rosebush	13
marciano	7
reinvigorate	10
1529	3
agglomeration	4
demarcate	11
belleville	7
xylophone	7
reformatory	11
sublet	13
culligan	3
revo	5
uhm	9
emu	8
behaviorist	12
mafiosi	13
cw	5
cide	4
thoroughgo	8
ballistics	13
853	6
stillborn	8
fictive	12
survivors	6
distinctiveness	13
verbena	3
concertgoer	6
flashing	6
quantifiable	10
constrictor	9
soape	9
crip	12
virtuously	5
befoule	4
corridors	3
disbelievingly	4
irreverence	13
springe	6
tyrosine	5
lilian	12
fuch	11
shovele	6
manichean	3
schaffer	4
exhibitionism	8
intermingling	4
913	6
