rearrange	115
hybrid	170
irregular	181
composite	144
uphill	116
necessary	2561
admitt	395
thigh	538
productive	338
indignation	128
consistently	287
scripture	203
mechanics	258
tease	407
1943	126
loaf	179
switzerland	225
learn	6123
exchange	1928
40	2493
nasty	348
angle	1438
wrong	4135
courageous	118
bulk	432
cattle	722
snake	770
fanny	343
equip	440
preferable	199
experience	4372
imaginative	193
patience	506
loft	194
warner	248
seventeen	531
sauce	569
approval	863
dough	169
mode	834
interpretation	586
positive	1324
independently	146
slipper	218
warp	136
widen	289
chris	600
affluent	157
dispute	722
sociology	205
you	205590
inhabitant	269
mi	166
sore	464
madison	506
sam	1729
peck	198
29	1031
archive	133
refrain	181
comparison	566
designer	579
liberals	125
cear	173
bamboo	157
circl	234
beatrice	147
intervention	491
sea	3399
garbage	583
relatively	541
rubble	171
attachment	162
premium	269
fatty	119
shorter	353
drawn	128
month	10148
cuban	500
fellowship	156
warehouse	330
inappropriate	153
vance	123
idaho	253
sexually	225
mg	125
lenny	165
surprise	4482
atla	129
hearst	137
1945	267
upstream	120
gallop	200
tes	511
lens	375
secret	2984
residence	412
diagnose	223
preparation	626
yoing	218
east	3750
sabotage	143
coin	646
instructor	321
lavender	116
buse	397
candle	614
tho	555
carrot	217
ripp	130
battalion	297
proven	148
sector	681
precedent	224
bluff	289
helene	155
hazel	129
crop	1079
virtually	938
hogan	178
economically	231
uniform	909
bitterly	294
assurance	367
judgment	1181
note	4313
polar	117
beame	219
orlando	151
lounge	404
seat	3570
scrape	271
intend	640
geraldine	135
ber	129
appropriation	194
smith	2112
suffer	2286
partly	706
podium	154
carry	6754
lace	445
neill	271
intake	223
diego	421
unpleasant	344
reverse	791
tonight	2086
whipp	126
boulevard	272
deployment	120
moist	230
capability	386
95	527
78	379
willy	191
organize	1510
truly	1277
armchair	161
drum	659
francisco	1281
indict	157
adapt	270
strangle	158
oscar	322
flush	577
dismay	330
fiery	193
child	14290
ten	5065
william	3343
thirsty	116
assist	620
deter	156
resort	595
pillow	578
dispatch	420
jeopardize	120
wright	394
solely	283
sotch	1175
lear	130
gown	421
frankly	349
convict	491
harp	152
splendid	242
addiction	202
seminary	148
brace	444
ski	491
abound	116
patent	402
peaceful	469
meeting	929
movements	137
recover	893
curve	1244
consult	685
450	168
oxygen	474
weaver	180
inspector	491
closest	131
desperation	214
perplex	136
heate	384
quarterback	334
harder	446
richardson	190
endorse	378
tempo	120
enclose	250
polite	699
arkansa	285
penetrate	311
sw	419
chaotic	130
susceptible	154
produce	4769
anonymous	266
questions	789
prive	1142
terrorism	210
cit	609
swim	458
lot	7336
businessman	718
roller	180
platoon	179
racism	189
folly	180
madness	268
territory	890
arise	782
emphasize	763
ron	277
means	2213
dramatic	802
brad	146
brighten	179
seventy	741
raise	5669
aftermath	146
manufactur	506
kin	285
willis	120
dazzle	410
explanation	1058
clayton	245
give	26860
quote	885
rouge	176
unto	227
hoffman	191
mystic	115
sugar	1538
radiant	154
knowledgeable	140
january	1266
nitrogen	204
er	674
nazis	161
pianist	166
northeast	283
town	5561
neighborhood	1143
sooth	213
familiar	1887
thou	284
revelation	360
quicker	154
muffle	135
reynolds	190
palmer	206
found	234
miraculous	117
brooklyn	545
athlete	557
111	257
whiskey	392
become	15559
sandwich	672
hormone	241
tangle	368
alongside	428
competent	219
reckon	338
promot	189
drape	392
late	16066
101	255
norm	320
underground	553
bucket	393
cecil	190
tuition	171
1919	112
pointed	274
law	7034
progress	1569
inward	267
nearly	3860
val	125
queer	159
einstein	174
spit	215
lottery	178
campaign	3412
hop	203
passionately	125
host	963
swirl	316
test	3674
sketch	473
insulate	127
advertise	1012
chao	460
craftsman	165
bachelor	232
must	14951
probley	175
sword	619
plantation	277
soldier	2120
stre	276
monday	1141
indiana	420
marshall	493
license	938
evangelical	181
israeli	839
drab	112
count	2805
appropriate	1156
fighter	609
tuck	544
why	15310
enlighten	172
sponge	153
83	292
genre	161
village	2269
quickly	3946
tournament	572
glint	211
disturb	935
orchard	168
narrow	2001
enemy	2114
gasoline	403
banner	301
dwindle	167
hugh	823
miller	790
plane	2461
sticker	150
1983	360
pen	825
cecilia	143
candy	640
bell	1703
gase	166
toy	847
littendle	122
lawmaker	187
herald	286
environmental	886
non	1486
landscape	685
dar	497
sacred	302
temperature	1386
fever	595
cult	266
satisfactory	216
layoff	152
collective	581
folk	1508
allocation	146
solution	1322
advocate	655
carol	663
arlington	118
despise	247
board	4229
flashlight	302
badge	211
susan	1142
damned	519
confirmation	241
manufacture	404
neutral	355
decree	254
hesitation	225
patricia	245
thai	132
monastery	209
alienate	135
ibm	170
trout	174
rockefeller	255
earle	204
blueprint	129
ashame	250
milton	200
reaction	1444
father	12345
visitor	1096
skat	149
admit	2210
goldman	193
chan	122
button	1201
ensue	120
hound	262
pact	314
auction	325
register	813
division	1713
veto	236
wear	6142
plank	208
bush	2411
downstair	166
contour	144
notify	206
cereal	198
touch	4683
staircase	267
spine	308
couch	729
64	468
classroom	458
buyer	587
starte	210
slouch	117
form	7760
cas	887
photographic	131
weigh	822
arena	358
17	1803
rack	340
keith	406
convoy	150
rooster	122
holder	327
hierarchy	194
118	163
acquisition	380
wrath	159
myriad	125
agonize	113
expansion	631
of	641255
sluggish	112
row	1500
reliable	393
sec	312
periodically	160
1968	557
cause	4932
customary	209
ye	521
elephant	422
defiance	167
aspire	128
transit	354
stimulus	192
uncertainty	380
puddle	148
patio	154
glitter	418
chemist	147
dependent	506
estimate	2085
chaplain	144
commerce	638
granite	177
monitore	119
progressive	447
cora	122
gertrude	184
testament	193
hysterical	173
bite	759
resistant	120
rainbow	193
wounde	369
desir	414
murky	133
prowl	127
starts	265
immortal	140
designate	363
hide	2678
juvenile	245
gleam	589
liberal	1507
guess	3554
episcopal	140
herd	545
triumph	601
honest	1145
pre	828
chronicle	213
deficiency	224
neither	2641
dutch	577
chairman	2508
husky	161
crunch	341
without	12771
movie	3158
pill	639
motionless	234
duval	118
profound	444
consid	149
succession	309
calif	633
oblige	368
falle	176
shadow	1744
opposition	1404
parent	3596
joel	380
twelfth	122
response	2400
campuse	135
christ	1261
syrian	128
someday	451
russian	2136
platform	868
cater	206
trailer	336
theft	248
giggle	383
germ	137
india	1121
meyer	149
highle	121
wedding	448
lain	120
extremist	152
giggl	128
barbecue	139
wendy	291
vatican	247
cat	1748
confront	670
music	4015
traditionally	297
pulp	135
jealousy	160
elude	133
wallpaper	125
singapore	168
ethnic	536
combine	415
minus	164
night	13459
bishop	903
ancient	1480
shop	2630
innovation	296
detention	136
conditions	330
sour	226
seed	573
eagle	497
appreciation	275
cute	266
ins	130
knowledge	2343
agreeable	136
caution	461
carson	174
document	1261
obligation	560
fairy	296
herman	200
reconstruct	136
anymore	1235
misery	361
regime	802
stomach	1115
fiddle	192
sympathetic	312
chimney	190
ambitious	407
hopefully	203
capable	890
parte	112
ay	155
pension	410
garland	116
tread	171
boat	2381
170	189
lantern	261
ingredient	332
touchdown	245
sensitivity	247
deliberation	122
agriculture	607
scatter	773
title	1674
cherry	543
waitress	313
ah	1315
acre	1108
swarm	360
streng	118
nut	655
organization	2683
hydrogen	296
photographer	540
fresh	1913
congregation	319
don	1387
coat	2166
cynthia	136
snowy	116
jab	194
lon	275
regulations	173
gettin	112
general	8597
tailor	196
promotion	409
belly	553
villager	188
tongue	1265
performer	298
rocky	495
grotesque	161
boast	457
exemption	143
tack	258
littunle	376
blacks	317
max	996
awkward	597
recording	197
pil	113
autobiography	146
prose	204
blade	787
stove	499
gene	558
assignment	522
detroit	684
oust	120
britain	1423
outside	5175
bach	171
satan	119
mac	453
pocket	2168
error	797
oversize	129
newton	193
boredom	155
literary	613
likelihood	183
compassion	248
elementary	449
rue	144
pepper	552
movement	2924
homeland	188
400	890
clutter	215
alive	1980
mt	122
seem	17433
anyhow	290
muslim	340
upward	624
prohibition	165
divid	145
basket	611
chop	538
roar	946
share	5761
bank	4533
award	802
pussy	196
oversight	113
confession	363
ranger	282
foe	119
sense	6585
morning	6982
discard	310
defeat	897
detail	3048
profile	467
brian	1065
tactics	372
regulation	850
unconscious	392
obscenity	140
appetite	328
one	79157
beat	3492
municipal	369
funnel	114
pleasant	801
pay	8365
obstacle	361
signal	1564
57	494
oxford	353
birch	204
1976	454
embody	237
kramer	129
mushroom	246
lloyd	358
deep	5494
82	386
emerson	138
answer	6804
chose	242
extremely	892
entrance	1081
select	1228
conspicuous	162
goodbye	440
67	390
pup	141
lovely	949
indirect	307
start	11690
least	513
snap	1260
battlefield	232
treason	117
treasure	513
demand	2916
leaf	1755
curtain	958
anecdote	119
disregard	175
back	35432
plow	295
interior	960
heck	135
man	42349
needle	583
indoor	214
si	286
elegant	559
sculpture	451
mortal	266
decency	147
dissolve	496
charge	4254
constituent	265
conjure	150
institution	1792
thailand	196
josh	208
income	2339
dedicate	528
ian	206
sacramento	128
effort	4378
warn	1724
brush	1347
censor	119
serene	156
the	1400515
fig	648
clear	5455
legislator	333
guarantee	976
jessica	127
forty	1931
137	148
puff	467
stake	781
unemployed	143
nicely	226
plug	327
char	547
kent	223
oh	7465
external	406
mere	2802
encourag	364
gum	385
ledge	226
container	376
preoccupy	188
screen	1970
outbreak	189
begin	17413
ford	1296
economist	599
slogan	231
outright	234
bean	558
confin	357
gym	230
realize	4114
universal	655
bradley	228
creature	1441
medicare	170
eliminate	914
directive	114
cyrus	120
govern	589
gray	2565
sequence	570
260	120
dummy	137
abraham	449
negro	467
fleet	695
onion	331
squadron	152
couple	3444
65	700
than	37565
trent	185
infinitely	159
arid	113
momma	150
brook	465
blossom	284
word	11208
fictional	123
graveyard	111
campus	738
gender	159
131	160
killing	327
already	7665
housewife	170
briefcase	273
asteroid	127
bar	3482
adequately	173
insect	423
senator	2237
screame	628
adoption	328
week	13761
officially	353
outfit	449
monsieur	191
mood	1153
radiation	532
amateur	408
political	7140
lower	396
46	573
gina	123
link	1623
shot	3127
marc	185
sane	165
reade	194
joseph	1101
agreement	2102
sworke	118
utterly	212
consultant	489
fur	698
hostage	475
preoccupation	145
resident	1197
skull	521
tilt	401
splendor	117
rep	482
garner	121
ale	135
packet	229
fairly	165
segregate	122
se	1083
61	384
lend	569
chok	401
envelop	249
delaware	225
equity	347
charming	233
torture	402
banish	149
freshman	307
boston	1558
along	8247
conscience	470
scheme	705
sock	473
contrast	1159
motor	988
restrain	379
stupid	1068
luncheon	176
whisky	113
holmes	194
possession	506
evidently	309
worm	337
temporary	599
serial	128
cunning	133
mr	21406
gutter	153
conclude	609
pump	815
tab	161
brazil	345
wayne	389
vow	458
dirt	810
appear	5758
photography	186
relative	1975
chick	277
laughter	955
memo	239
postal	159
colour	222
storm	1402
inch	2384
clothing	892
therefore	1770
easily	238
blown	187
attribute	565
override	117
accumulation	146
technique	1163
daisy	455
fragment	428
patterson	123
barbarian	127
reforms	158
lead	9496
shelf	688
laid	182
oppress	122
strong	4632
drew	291
review	1607
immense	357
reopen	171
premiere	131
habitat	174
levine	149
prize	773
subsequently	277
relay	274
merger	261
garde	116
spin	976
complexion	126
viet	319
taunt	162
waist	665
sociological	146
anglo	181
grumble	177
mastery	116
stillness	163
clutch	716
trend	861
weapon	2314
tailore	141
reactor	194
single	4071
drink	5469
traffic	1539
heel	826
participation	525
convent	127
quick	2022
wall	7248
majesty	316
uncommon	164
anticipate	648
decoration	238
chance	4025
deposit	632
chile	299
outline	423
bureau	993
september	1192
loosen	189
sl	153
